Education,Income,Recency,MntWines,MntFruits,MntMeatProducts,MntFishProducts,MntSweetProducts,MntGoldProds,NumDealsPurchases,NumWebPurchases,NumCatalogPurchases,NumStorePurchases,NumWebVisitsMonth,AcceptedCmp3,AcceptedCmp4,AcceptedCmp5,AcceptedCmp1,AcceptedCmp2,Complain,Response,Age,Living_With,Children,Family_Size,Total_Spent,Total_Accept
2,46344,38,11,1,6,2,1,6,2,1,1,2,5,0,0,0,0,0,0,0,69,1,2,3,27,0
2,26646,26,11,4,20,10,3,5,2,2,0,4,6,0,0,0,0,0,0,0,39,2,1,3,53,0
4,58293,94,173,43,118,46,27,15,5,5,3,6,5,0,0,0,0,0,0,0,42,2,1,3,422,0
4,33454,32,76,10,56,3,1,23,2,4,0,4,8,0,0,0,0,0,0,0,38,2,1,3,169,0
4,30351,19,14,0,24,3,3,2,1,3,0,2,9,0,0,0,0,0,0,1,49,2,1,3,46,1
4,5648,68,28,0,6,1,1,13,1,1,0,0,20,1,0,0,0,0,0,0,73,2,2,4,49,1
0,7500,59,6,16,11,11,1,16,1,2,0,3,8,0,0,0,0,0,0,0,47,2,0,2,61,0
3,59354,53,233,2,53,3,5,14,3,6,1,5,6,0,0,0,0,0,0,0,71,1,2,3,310,0
2,17323,38,3,14,17,6,1,5,1,1,0,3,8,0,0,0,0,0,0,0,36,2,0,2,46,0
2,41850,51,53,5,19,2,13,4,3,3,0,3,8,0,0,0,0,0,0,0,43,2,2,4,96,0
1,33812,86,4,17,19,30,24,39,2,2,1,3,6,0,0,0,0,0,0,0,38,1,1,2,133,0
4,58607,63,867,0,86,0,0,19,3,2,3,9,8,0,1,0,0,0,0,0,74,2,1,3,972,1
2,18589,89,6,4,25,15,12,13,2,2,1,3,7,0,0,0,0,0,0,0,54,1,0,1,75,0
2,53359,4,173,4,30,3,6,41,4,5,1,4,7,0,0,0,0,0,0,0,47,2,2,4,257,0
2,38360,26,36,2,42,20,21,10,2,2,1,4,3,0,0,0,0,0,0,0,34,2,1,3,131,0
3,10979,34,8,4,10,2,2,4,2,3,0,3,5,0,0,0,0,0,0,0,34,1,0,1,30,0
2,40548,31,110,0,5,2,0,3,2,2,1,4,5,0,1,0,0,0,0,0,53,2,1,3,120,1
4,46610,8,96,12,96,33,22,43,6,4,1,6,6,0,0,0,0,0,0,1,71,1,2,3,302,1
3,49389,55,40,0,19,2,1,3,1,2,0,3,7,0,0,0,0,0,0,0,72,1,2,3,65,0
4,67353,37,702,17,151,0,8,35,5,5,6,12,2,0,0,0,0,0,0,0,53,2,1,3,913,0
1,23718,76,6,3,14,15,7,36,3,3,1,2,7,0,0,0,0,0,0,0,47,2,1,3,81,0
2,42429,99,55,0,6,2,0,4,2,1,1,3,5,0,0,0,0,0,0,0,50,1,1,2,67,0
3,20559,88,13,1,29,3,0,7,2,2,0,3,8,0,0,0,0,0,0,0,38,2,1,3,53,0
2,21994,4,9,0,6,3,1,3,1,0,0,3,5,0,0,0,0,0,0,0,66,2,1,3,22,0
3,7500,19,3,1,10,3,2,12,3,2,0,3,5,0,0,0,0,0,0,0,48,2,1,3,31,0
1,7500,24,3,18,14,15,22,50,3,3,1,3,9,0,0,0,0,0,0,1,27,2,0,2,122,1
2,41728,92,13,6,15,3,5,13,1,2,0,2,10,0,0,0,0,0,0,0,55,2,1,3,55,0
2,35790,54,12,6,20,30,1,3,2,2,0,3,7,0,0,0,0,0,0,0,46,1,1,2,72,0
2,27938,31,13,0,8,2,1,5,1,1,0,4,3,0,0,0,0,0,0,0,35,1,1,2,29,0
4,55954,63,447,0,28,0,0,43,3,8,2,6,7,0,0,0,0,0,0,0,55,2,1,3,518,0
2,66653,18,452,18,102,16,18,6,4,4,2,12,3,0,0,0,0,0,0,0,48,2,2,4,612,0
4,67680,8,546,0,48,0,6,6,1,7,3,8,5,0,0,0,0,0,0,0,72,1,1,2,606,0
2,25721,75,1,3,6,3,6,15,1,1,1,2,7,0,0,0,0,0,0,1,52,2,1,3,34,1
2,32474,0,10,0,1,0,0,0,1,1,0,2,7,0,0,0,0,0,0,0,56,2,2,4,11,0
4,60631,88,565,6,65,0,6,19,5,9,2,8,7,0,1,0,0,0,0,0,48,2,2,4,661,1
2,28332,58,14,10,13,4,15,9,1,2,1,4,2,0,0,0,0,0,0,0,71,2,0,2,65,0
2,40246,68,2,1,6,2,1,1,1,1,0,2,6,0,0,0,0,0,0,0,46,1,1,2,13,0
1,26326,12,1,0,5,0,3,9,1,0,0,3,3,0,0,0,0,0,1,0,47,2,0,2,18,0
2,56046,9,577,0,64,0,0,51,2,10,1,8,8,1,0,0,0,0,0,1,58,2,0,2,692,2
2,29760,87,64,4,68,7,5,17,4,3,1,4,8,0,0,0,0,0,0,0,38,1,1,2,165,0
2,26304,5,4,1,5,2,0,4,1,1,0,2,7,0,0,0,0,0,0,0,54,2,1,3,16,0
1,23559,87,25,5,19,7,0,23,3,3,0,3,7,0,0,0,0,0,0,0,50,2,1,3,79,0
2,29440,95,17,8,14,10,4,3,2,1,0,4,7,0,0,0,0,0,0,0,63,2,2,4,56,0
3,36138,48,130,0,16,0,0,5,5,3,1,4,7,0,1,0,0,0,0,0,53,2,2,4,151,1
2,50388,3,292,6,37,0,3,34,4,6,1,6,7,0,1,0,1,0,0,1,66,1,1,2,372,3
2,54178,79,135,9,39,4,0,7,1,2,2,5,2,0,0,0,0,0,0,0,56,2,1,3,194,0
3,42394,69,15,2,10,0,1,4,1,1,0,3,7,0,0,0,0,0,0,0,51,1,1,2,32,0
4,23626,84,27,2,14,0,0,0,3,3,1,3,5,0,0,0,0,0,0,0,53,2,1,3,43,0
2,30096,30,5,3,11,12,5,9,1,2,0,3,6,0,0,0,0,0,0,0,40,2,1,3,45,0
2,51813,37,51,2,7,0,1,2,2,2,0,3,7,0,0,0,0,0,0,0,51,1,2,3,63,0
1,47823,0,53,1,5,2,1,10,2,2,0,3,8,0,0,0,0,0,0,0,63,1,1,2,72,0
4,34554,43,41,1,6,2,0,5,2,2,0,3,6,0,0,0,0,0,0,0,64,1,1,2,55,0
0,24594,94,1,3,6,10,0,9,1,1,0,3,5,0,0,0,0,0,0,0,44,2,1,3,29,0
2,49096,15,144,1,32,2,1,7,4,4,1,4,7,0,0,0,0,0,0,0,59,2,2,4,187,0
2,38557,17,76,3,31,4,4,27,2,3,1,3,7,0,0,0,0,0,0,0,45,1,1,2,145,0
3,57288,27,527,0,21,0,0,60,3,8,1,8,6,0,1,0,0,0,0,0,60,2,1,3,608,1
2,86037,95,490,44,125,29,20,22,1,6,7,11,3,0,1,1,0,0,0,1,32,1,0,1,730,3
2,50785,27,64,1,21,0,1,27,2,2,1,3,6,0,0,0,0,0,0,0,61,1,2,3,114,0
1,30753,85,12,5,25,0,9,30,2,1,1,3,5,0,0,0,0,0,0,0,56,2,2,4,81,0
2,21918,37,1,6,7,11,5,3,2,2,0,3,6,0,0,0,0,0,0,0,54,2,1,3,33,0
3,32557,13,34,3,29,0,4,10,3,2,1,3,5,0,0,0,0,0,0,1,56,1,1,2,80,1
3,19510,63,9,0,7,3,4,7,2,1,0,3,7,0,0,0,0,0,0,0,38,2,2,4,30,0
2,30992,83,17,0,14,7,3,2,1,1,0,3,7,0,0,0,0,0,0,0,47,1,1,2,43,0
3,54348,51,70,0,16,0,0,4,2,2,0,4,6,0,0,0,0,0,0,0,70,2,2,4,90,0
4,77376,72,492,19,110,16,12,12,4,6,3,10,4,0,0,0,0,0,0,0,67,2,2,4,661,0
3,61331,42,534,5,47,0,5,41,5,11,1,6,8,0,0,0,0,0,0,0,65,1,2,3,632,0
4,41551,51,220,0,33,3,0,23,5,5,1,5,8,0,0,0,0,0,0,0,59,2,2,4,279,0
0,9548,31,0,1,3,10,6,9,2,1,0,3,8,0,0,0,0,0,0,0,47,1,1,2,29,0
4,33762,61,53,1,34,2,0,16,3,2,2,2,8,0,0,0,0,0,0,0,64,2,3,5,106,0
4,35860,37,15,0,8,4,2,20,2,1,1,2,5,1,0,0,0,0,0,1,50,1,2,3,49,2
4,36921,74,17,1,12,3,1,4,2,2,0,3,7,0,0,0,0,0,0,0,58,1,2,3,38,0
3,65104,4,738,0,232,13,20,50,2,3,5,7,7,0,0,0,0,0,0,1,47,2,1,3,1053,1
2,23957,47,2,1,18,20,11,16,1,2,0,3,6,0,0,0,0,0,0,1,48,2,1,3,68,1
2,38547,49,6,1,10,0,1,4,1,1,0,2,8,0,0,0,0,0,1,0,42,2,1,3,22,0
3,49605,65,42,16,29,12,20,8,1,2,1,4,3,0,0,0,0,0,0,0,57,2,0,2,127,0
3,59354,59,295,21,78,39,13,13,1,4,4,7,3,0,0,0,0,0,0,0,70,2,2,4,459,0
2,65747,96,346,17,48,23,13,13,4,8,1,6,6,0,1,0,0,0,0,0,54,2,1,3,460,1
2,34176,12,5,7,24,19,14,20,4,3,0,4,6,0,0,0,0,0,0,0,35,1,1,2,89,0
2,49967,4,212,6,69,4,12,3,3,6,1,5,7,0,0,0,0,0,0,0,65,1,1,2,306,0
2,60199,49,8,1,7,2,0,0,1,0,0,3,4,0,0,0,0,0,0,0,45,1,3,4,18,0
2,55375,3,42,11,57,10,28,14,1,1,1,6,2,0,0,0,0,0,0,0,46,2,1,3,162,0
3,30523,0,5,0,3,0,0,5,1,1,0,2,7,0,0,0,0,0,0,0,65,1,3,4,13,0
2,23228,91,53,3,49,7,4,5,4,3,0,4,8,0,0,0,0,0,0,0,39,2,1,3,121,0
4,74165,9,1001,12,240,16,12,12,1,5,4,10,2,0,0,0,0,0,0,0,48,1,0,1,1293,0
2,43482,83,18,1,32,6,3,28,3,2,0,4,6,0,0,0,0,0,0,0,57,2,3,5,88,0
2,52332,63,212,5,33,7,0,2,1,3,2,6,4,0,1,0,0,0,0,0,64,1,0,1,259,1
2,26091,84,15,10,19,8,17,20,3,2,1,3,5,0,0,0,0,0,0,0,66,2,2,4,89,0
2,33456,58,7,3,10,8,1,7,2,1,0,3,7,0,0,0,0,0,0,0,58,2,2,4,36,0
2,28718,78,12,4,6,11,8,16,2,2,0,3,8,0,0,0,0,0,0,0,41,2,1,3,57,0
2,50447,4,85,7,24,2,3,27,1,3,1,3,6,0,0,0,0,0,0,0,53,2,2,4,148,0
4,53537,17,81,0,6,0,0,6,2,2,1,3,5,0,0,0,0,0,0,0,64,2,2,4,93,0
2,52074,77,59,0,12,0,0,48,1,2,2,2,4,1,0,0,0,0,0,0,56,1,1,2,119,1
4,38853,90,29,0,14,0,0,2,2,2,0,3,7,0,0,0,0,0,0,0,53,2,2,4,45,0
2,38285,96,2,0,5,2,0,1,1,0,0,3,2,0,0,0,0,0,0,0,64,2,3,5,10,0
4,51650,81,152,3,22,2,5,7,1,4,1,4,5,0,0,0,0,0,0,0,47,2,1,3,191,0
1,16248,77,12,11,10,3,12,9,3,2,1,3,6,0,0,0,0,0,0,0,35,2,1,3,57,0
3,30477,16,47,1,6,0,0,12,1,1,1,3,6,0,0,0,0,0,0,0,39,2,1,3,66,0
0,28249,80,1,9,7,2,14,10,1,2,0,3,6,0,0,0,0,0,0,0,62,2,0,2,43,0
2,25271,45,10,1,18,10,4,7,1,1,1,2,9,0,0,0,0,0,0,0,40,2,1,3,50,0
4,32303,63,35,0,2,0,0,2,2,1,0,4,5,0,0,0,0,0,0,0,53,1,1,2,39,0
4,45759,13,42,1,18,3,0,4,2,2,0,3,7,0,0,0,0,0,0,0,59,2,2,4,68,0
0,24882,52,1,4,10,29,0,36,1,1,1,2,6,1,0,0,0,0,0,0,45,2,1,3,80,1
2,38872,93,23,3,21,3,19,22,2,3,0,3,8,0,0,0,0,0,0,0,35,2,1,3,91,0
2,51148,38,235,6,45,8,9,12,4,5,1,6,6,0,0,0,0,0,0,0,50,2,2,4,315,0
2,31353,24,10,0,10,3,1,7,2,1,1,2,8,0,0,0,0,0,0,0,46,2,2,4,31,0
3,69661,80,656,16,106,32,16,8,1,7,3,12,3,0,0,0,0,0,0,0,43,2,0,2,834,0
2,69142,50,448,4,34,6,4,39,3,8,1,7,5,0,1,0,0,0,0,0,71,1,1,2,535,1
4,40637,72,22,0,13,0,0,3,2,1,0,3,7,0,0,0,0,0,0,0,58,1,2,3,38,0
3,18890,5,6,4,1,7,2,15,1,0,1,2,6,1,0,0,0,0,0,1,39,1,0,1,35,2
2,29604,88,7,6,13,7,6,14,1,1,0,3,9,1,0,0,0,0,0,0,35,2,1,3,53,1
3,48721,50,81,18,113,47,13,21,6,4,2,5,6,0,0,0,0,0,0,0,60,1,2,3,293,0
2,44794,99,54,0,7,0,0,4,1,2,0,3,6,0,0,0,0,0,0,0,57,2,1,3,65,0
1,52195,2,12,0,4,0,0,1,1,1,0,2,8,0,0,0,0,0,0,0,45,1,3,4,17,0
3,44551,24,182,4,33,0,0,66,2,4,1,5,7,0,0,0,0,0,0,0,69,1,1,2,285,0
1,45204,93,30,11,25,29,1,18,1,1,1,4,3,0,0,0,0,0,0,0,35,2,1,3,114,0
4,77622,3,520,7,154,19,0,14,2,6,3,11,3,0,0,0,0,0,0,0,53,2,2,4,714,0
4,30732,44,155,1,25,0,1,3,4,4,1,4,8,0,0,0,0,0,0,0,43,2,1,3,185,0
2,42011,46,131,0,16,2,1,39,4,3,1,4,8,0,0,0,0,0,0,0,45,2,1,3,189,0
4,34320,66,4,1,9,3,0,0,1,1,0,2,8,0,0,0,0,0,0,0,37,2,1,3,17,0
2,38590,65,3,1,8,4,3,3,1,1,0,2,8,0,0,0,0,0,0,0,52,2,1,3,22,0
2,15033,37,0,4,5,6,0,4,1,1,0,3,3,0,0,0,0,0,0,0,72,1,0,1,19,0
1,22212,49,5,9,20,6,8,21,2,2,0,4,6,0,0,0,0,0,0,0,48,2,1,3,69,0
3,23661,46,18,0,4,0,0,1,1,1,0,3,7,0,0,0,0,0,0,0,41,2,1,3,23,0
2,7500,54,5,3,10,12,7,20,4,3,1,3,7,0,0,0,0,0,0,0,50,1,1,2,57,0
2,22804,75,14,1,7,2,1,1,1,2,0,2,9,0,0,0,0,0,0,0,52,1,1,2,26,0
4,31686,31,11,0,5,0,0,1,2,1,0,3,6,0,0,0,0,0,0,0,59,2,2,4,17,0
3,31160,59,16,3,25,6,1,13,2,2,0,3,8,0,0,0,0,0,0,0,48,1,1,2,64,0
2,29938,52,3,3,7,0,2,11,2,1,0,3,6,0,0,0,0,0,0,0,38,1,1,2,26,0
1,26490,92,45,47,52,21,20,25,2,3,1,5,6,0,0,0,0,0,0,0,65,2,0,2,210,0
4,30899,35,24,0,8,0,0,1,2,1,0,3,6,0,0,0,0,0,0,0,49,1,1,2,33,0
4,63342,48,918,21,118,13,10,21,3,8,3,5,6,0,1,0,0,0,0,0,62,2,1,3,1101,1
2,45989,97,138,33,87,28,24,12,4,3,2,7,3,0,0,0,0,0,0,0,59,1,1,2,322,0
2,18701,95,12,4,2,10,6,10,4,2,0,4,5,0,0,0,0,0,0,0,59,1,2,3,44,0
4,40737,24,11,0,4,0,0,2,1,1,0,2,8,0,0,0,0,0,0,0,66,1,3,4,17,0
2,15287,60,1,2,8,4,3,13,2,1,1,2,7,1,0,0,0,0,0,1,44,1,1,2,31,2
4,69674,46,554,41,215,11,0,24,3,10,2,10,5,0,0,0,0,0,0,0,55,1,2,3,845,0
3,44159,85,167,2,62,24,13,7,4,4,1,6,5,0,0,0,0,0,0,0,53,2,1,3,275,0
4,37717,31,9,0,6,4,1,5,1,1,0,2,9,0,0,0,0,0,0,0,45,2,1,3,25,0
3,43776,9,177,2,71,3,2,20,6,5,2,4,8,0,0,0,0,0,0,1,71,2,2,4,275,1
3,38179,30,38,4,22,4,2,20,4,3,1,3,7,0,0,0,0,0,0,0,57,2,2,4,90,0
4,38097,70,77,2,35,0,1,69,4,3,2,2,7,1,0,0,0,0,0,1,53,2,2,4,184,2
2,22070,11,10,7,19,8,2,21,2,2,2,2,6,0,0,0,0,0,0,0,53,2,1,3,67,0
3,31788,15,16,7,23,0,8,6,3,3,0,4,5,0,0,0,0,0,1,0,40,1,1,2,60,0
4,61905,2,167,0,43,6,2,13,2,4,2,4,5,0,0,0,0,0,0,0,48,2,1,3,231,0
2,29315,55,13,2,14,8,7,4,4,2,0,4,6,0,0,0,0,0,0,0,63,2,2,4,48,0
2,33378,38,33,6,40,3,7,10,3,2,0,4,7,0,0,0,0,0,0,0,60,1,2,3,99,0
4,66313,86,625,7,99,10,22,7,2,6,3,12,4,0,0,0,0,0,0,0,60,2,1,3,770,0
0,24480,46,4,19,9,28,25,17,3,3,0,4,7,0,0,0,0,0,0,0,42,2,1,3,102,0
4,65640,74,204,7,149,20,15,66,1,5,1,8,2,0,0,0,0,0,0,0,49,2,1,3,461,0
3,44319,18,26,0,8,0,0,3,2,2,0,3,5,0,0,0,0,0,0,0,48,2,2,4,37,0
2,30631,75,15,6,20,4,5,20,1,3,1,2,7,0,0,0,0,0,0,0,49,2,1,3,70,0
3,35416,62,248,3,81,4,3,51,3,7,1,5,8,0,0,0,0,0,0,0,74,1,0,1,390,0
1,32414,11,20,6,5,0,9,12,1,1,0,3,7,1,0,0,0,0,0,0,39,2,0,2,52,1
2,38361,74,39,0,56,20,8,14,3,3,1,3,7,0,0,0,0,0,0,0,54,2,1,3,137,0
2,16626,76,8,3,22,21,1,13,3,3,0,3,9,0,0,0,0,0,0,0,52,2,2,4,68,0
2,29672,6,9,1,3,0,4,8,1,0,0,3,6,0,0,0,0,0,0,0,58,2,2,4,25,0
1,35388,20,6,4,7,4,3,8,1,1,0,3,7,0,0,0,0,0,0,0,35,1,1,2,32,0
3,42386,43,65,4,16,0,4,11,1,3,0,3,8,0,0,0,0,0,0,0,37,2,1,3,100,0
4,57912,34,801,0,80,0,0,35,5,8,3,12,5,0,1,0,0,0,0,0,58,1,1,2,916,1
2,35246,53,36,0,12,2,2,10,4,3,1,3,5,0,0,0,0,0,0,0,65,1,2,3,62,0
1,58821,44,513,14,154,19,0,28,1,9,2,9,6,0,0,0,0,0,0,0,67,2,1,3,728,0
4,46377,89,37,0,46,4,3,0,1,2,1,3,4,0,0,0,0,0,0,0,45,2,1,3,90,0
2,39747,43,80,15,93,20,13,52,3,5,1,4,8,0,0,0,0,0,0,0,35,1,1,2,273,0
2,23976,68,14,1,21,2,3,25,3,3,1,3,7,0,0,0,0,0,0,0,39,2,1,3,66,0
2,27038,64,1,26,25,17,23,15,1,3,0,3,9,0,0,0,0,0,0,1,57,1,0,1,107,1
3,64100,93,509,0,27,0,0,10,1,8,3,6,7,0,1,0,0,0,0,0,59,2,1,3,546,1
3,42670,12,154,2,46,20,4,15,1,4,2,4,4,0,0,0,0,0,0,0,31,2,0,2,241,0
2,12571,86,3,5,14,2,12,17,4,3,1,3,6,0,0,0,0,0,0,0,47,1,1,2,53,0
2,22574,28,25,0,8,2,0,2,2,2,0,3,7,0,0,0,0,0,0,0,56,2,3,5,37,0
2,54198,13,185,0,28,3,2,17,6,3,1,6,4,0,0,0,0,0,0,0,57,2,2,4,235,0
3,28839,86,24,0,7,0,0,1,2,2,0,3,5,0,0,0,0,0,0,0,67,2,2,4,32,0
2,40321,59,44,4,21,6,0,27,2,3,0,3,7,0,0,0,0,0,0,0,51,2,2,4,102,0
2,30833,33,11,0,7,3,1,6,2,1,0,3,5,0,0,0,0,0,0,0,72,2,2,4,28,0
2,34421,81,3,3,7,6,2,9,1,1,0,2,7,0,0,0,0,0,0,0,49,2,1,3,30,0
4,47025,6,16,0,3,0,0,1,1,1,0,2,7,0,0,0,0,0,0,0,58,1,2,3,20,0
2,40464,78,424,17,118,7,23,41,6,8,2,8,8,0,0,0,0,0,0,0,70,1,1,2,630,0
4,14849,39,21,2,28,3,2,9,3,2,0,4,8,0,0,0,0,0,0,0,47,1,1,2,65,0
2,27255,3,22,1,11,0,1,2,1,1,0,3,7,0,0,0,0,0,0,0,39,2,1,3,37,0
4,54432,37,33,0,5,0,0,0,1,1,0,3,4,0,0,0,0,0,0,0,73,2,3,5,38,0
4,29999,22,68,7,59,10,5,11,4,3,1,4,8,0,0,0,0,0,0,0,37,1,1,2,160,0
2,24072,79,9,1,6,3,0,4,1,1,0,2,8,0,0,0,0,0,0,0,40,1,1,2,23,0
4,33996,46,40,2,15,8,0,6,1,1,1,3,4,0,0,0,0,0,0,0,34,1,0,1,71,0
4,66334,82,909,11,218,0,0,23,2,9,3,5,5,0,0,0,0,0,0,1,67,2,1,3,1161,1
3,35178,10,23,1,13,2,2,18,1,1,1,2,7,1,0,0,0,0,0,1,52,2,1,3,59,2
2,22010,51,11,2,9,3,0,8,2,2,0,3,8,0,0,0,0,0,0,0,40,2,1,3,33,0
2,30675,14,10,2,16,11,2,21,1,1,0,3,8,0,0,0,0,0,0,0,51,2,1,3,62,0
2,41411,11,37,32,38,11,3,18,1,2,1,4,6,0,0,0,0,0,0,0,37,1,0,1,139,0
4,55212,65,1103,0,45,0,0,34,3,4,2,11,8,0,1,0,0,1,0,0,54,2,1,3,1182,2
4,59292,71,378,14,68,19,14,14,2,3,5,8,3,0,0,0,0,0,0,0,73,2,1,3,507,0
0,27190,13,1,6,7,0,1,3,1,1,0,2,8,1,0,0,0,0,0,1,50,2,1,3,18,2
2,44300,65,30,0,9,0,0,3,2,1,0,3,6,0,0,0,0,0,0,0,58,2,2,4,42,0
2,30372,33,15,0,12,7,3,7,3,2,0,3,7,0,0,0,0,0,0,0,52,1,2,3,44,0
3,33181,90,9,0,3,0,0,4,1,1,0,2,6,1,0,0,0,0,0,0,47,2,1,3,16,1
4,60000,57,1048,0,217,0,0,12,5,11,3,5,6,0,0,0,0,0,0,0,47,1,1,2,1277,0
2,38643,45,22,2,14,0,1,10,2,2,0,3,7,0,0,0,0,0,1,0,45,1,2,3,49,0
2,50737,61,78,0,11,0,0,10,1,2,0,4,6,0,1,0,0,0,0,0,68,2,1,3,99,1
4,46681,52,269,15,69,15,19,38,2,4,6,4,5,0,0,0,0,0,0,0,75,2,2,4,425,0
4,62187,38,512,0,83,0,0,41,3,6,2,10,4,0,0,0,0,0,0,0,54,1,1,2,636,0
2,28442,53,19,3,10,11,8,6,3,2,1,4,4,0,0,0,0,0,0,0,45,2,2,4,57,0
4,37717,31,9,0,6,4,1,5,1,1,0,2,9,0,0,0,0,0,0,0,45,2,1,3,25,0
2,31615,82,2,3,20,6,11,9,2,2,0,3,7,0,0,0,0,0,0,0,47,1,1,2,51,0
4,52614,63,789,0,142,12,9,38,2,2,4,8,8,0,0,0,0,0,0,0,48,1,1,2,990,0
1,35684,66,10,4,7,0,6,3,1,1,0,3,6,0,0,0,0,0,0,0,39,2,1,3,30,0
2,48178,69,159,4,45,6,2,38,6,5,1,4,8,0,0,0,0,0,0,0,48,2,2,4,254,0
3,29548,52,7,1,6,3,1,11,1,1,1,2,4,1,0,0,0,0,0,0,53,1,1,2,29,1
4,38578,2,38,4,22,3,3,3,3,3,0,3,8,0,0,0,0,0,0,1,51,1,2,3,73,1
3,46098,86,57,0,27,0,0,36,4,3,2,2,8,0,0,0,0,0,0,0,48,1,2,3,120,0
2,22585,23,3,9,15,13,2,39,1,1,1,2,9,1,0,0,0,0,0,1,53,1,0,1,81,2
2,30279,13,10,4,14,4,4,1,1,1,0,3,8,0,0,0,0,0,0,0,34,1,1,2,37,0
2,30822,92,3,9,13,2,12,12,1,1,0,3,7,0,0,0,0,0,0,0,54,1,1,2,51,0
4,33581,38,11,0,5,0,0,1,1,1,0,2,8,0,0,0,0,0,0,0,54,2,2,4,17,0
2,19986,74,3,6,5,0,2,6,1,0,0,3,7,0,0,0,0,0,0,0,38,2,1,3,22,0
3,36143,33,12,0,1,0,0,6,1,0,1,2,3,0,0,0,0,0,0,0,42,1,1,2,19,0
2,10245,32,4,7,7,6,4,13,3,1,2,2,5,0,0,0,0,0,0,0,52,1,1,2,41,0
2,38823,56,70,0,11,2,8,23,1,2,1,3,6,0,0,0,0,0,0,0,74,2,1,3,114,0
3,62499,0,140,4,61,0,13,4,2,3,1,6,4,0,0,0,0,0,0,0,44,2,1,3,222,0
4,51012,86,102,9,63,2,9,24,1,4,1,4,6,0,0,0,0,0,0,0,77,2,0,2,209,0
2,43824,18,96,1,42,12,3,32,4,3,1,4,8,0,0,0,0,0,0,0,52,2,2,4,186,0
2,15345,51,5,2,16,3,2,19,2,1,1,2,8,0,0,0,0,0,0,1,39,2,1,3,47,1
2,23442,71,2,0,6,8,6,5,1,1,0,3,7,0,0,0,0,0,0,0,36,1,1,2,27,0
1,31395,80,23,1,25,0,8,7,4,2,1,3,6,0,0,0,0,0,0,0,67,1,2,3,64,0
2,42373,83,67,5,61,3,8,19,5,2,1,5,5,0,0,0,0,0,0,0,49,1,2,3,163,0
2,48006,55,23,0,11,3,2,2,1,1,0,3,6,0,0,0,0,0,0,0,58,2,2,4,41,0
4,27213,19,19,3,26,10,9,3,3,2,0,4,8,0,0,0,0,0,0,1,51,1,1,2,70,1
4,65808,1,155,7,80,13,7,10,3,5,1,5,6,0,0,0,0,0,0,0,52,1,2,3,272,0
4,30351,19,14,0,24,3,3,2,1,3,0,2,9,0,0,0,0,0,0,0,49,2,1,3,46,0
2,50437,28,370,9,92,6,9,4,3,7,1,8,7,0,0,0,0,0,0,0,60,2,2,4,490,0
1,23616,76,4,22,11,3,7,32,2,3,0,3,8,0,0,0,0,0,0,1,41,1,1,2,79,1
1,19789,24,2,5,9,28,6,28,3,2,1,3,5,1,0,0,0,0,0,0,48,2,1,3,78,1
4,37401,14,19,3,19,3,1,3,2,2,0,3,7,0,0,0,0,0,0,0,50,2,1,3,48,0
2,30096,30,5,3,11,12,5,9,1,2,0,3,6,0,0,0,0,0,0,0,40,2,1,3,45,0
3,18492,75,2,2,2,2,1,1,1,1,0,2,8,0,0,0,0,0,0,0,41,2,1,3,10,0
2,48686,8,10,0,7,2,0,1,1,1,0,2,8,0,0,0,0,0,0,0,70,2,3,5,20,0
1,10404,52,2,2,11,10,6,12,2,1,0,4,5,0,0,0,0,0,0,0,34,2,1,3,43,0
2,30015,28,25,0,22,2,3,5,2,1,0,4,5,0,0,0,0,0,0,0,53,1,1,2,57,0
3,50943,49,31,0,7,2,0,6,1,1,0,3,5,0,0,0,0,0,0,0,67,2,1,3,46,0
3,51529,14,400,4,35,6,0,22,2,9,1,5,8,0,0,0,0,0,0,0,74,1,1,2,467,0
4,32011,89,99,0,15,2,1,5,3,2,1,4,7,0,0,0,0,0,0,0,52,2,1,3,122,0
1,7500,96,1,11,5,4,6,9,2,2,0,3,8,0,0,0,0,0,0,0,37,2,1,3,36,0
2,28691,56,5,4,13,8,0,4,1,1,0,3,8,0,0,0,0,0,0,0,34,2,1,3,34,0
4,56223,72,77,28,31,16,0,4,2,2,1,5,4,0,0,0,0,0,0,0,75,2,1,3,156,0
2,18100,14,3,1,2,4,3,1,1,0,0,3,5,0,0,0,0,0,0,0,77,2,0,2,14,0
2,30279,13,10,4,14,4,4,1,1,1,0,3,8,0,0,0,0,0,0,0,34,1,1,2,37,0
1,20130,99,0,6,3,7,6,12,1,1,0,3,8,0,0,0,0,0,0,0,49,2,0,2,34,0
2,23295,72,0,0,1,2,12,5,1,1,0,2,8,0,0,0,0,0,0,0,64,1,0,1,20,0
3,42618,92,76,14,74,13,5,10,2,5,0,4,8,0,0,0,0,0,0,0,51,1,1,2,192,0
2,24027,7,14,7,11,11,0,5,2,2,0,3,8,0,0,0,0,0,0,0,47,2,1,3,48,0
3,36230,17,14,2,30,8,2,3,1,2,0,4,5,0,0,0,0,0,0,0,52,1,1,2,59,0
3,42207,71,116,11,72,3,17,46,4,4,1,5,6,1,0,0,0,0,0,1,39,2,1,3,265,2
2,50300,52,143,15,60,24,23,5,2,2,1,8,2,0,0,0,0,0,0,0,71,2,1,3,270,0
2,60597,2,522,0,257,32,16,66,4,2,2,8,7,0,0,0,1,0,0,1,59,2,1,3,893,2
4,50520,25,112,0,6,2,1,14,2,3,1,3,6,0,0,0,0,0,0,0,65,1,1,2,135,0
2,33183,46,7,5,39,17,15,37,2,4,0,3,7,0,0,0,0,0,0,0,48,2,1,3,120,0
2,31880,13,4,1,5,2,0,3,1,1,0,2,8,0,0,0,0,0,0,0,53,1,1,2,15,0
2,53790,86,335,42,127,28,5,5,3,7,2,8,6,0,0,0,0,0,0,0,72,2,2,4,542,0
4,49269,92,639,8,166,11,8,58,3,7,3,12,7,0,0,0,0,0,0,0,52,2,1,3,890,0
2,37406,18,2,0,8,2,2,3,1,1,0,2,8,0,0,0,0,0,0,1,43,2,1,3,17,1
2,38415,91,22,1,13,4,0,4,2,1,0,3,7,0,0,0,0,0,0,0,45,2,2,4,44,0
2,20518,58,4,1,6,4,1,9,1,1,1,2,5,0,0,0,0,0,0,0,35,1,1,2,25,0
4,41644,67,20,3,4,2,0,2,2,1,0,3,3,0,0,0,0,0,0,0,51,1,2,3,31,0
3,55842,19,451,0,39,0,4,24,1,7,1,8,5,0,0,0,0,0,0,0,46,2,1,3,518,0
3,38961,60,19,7,19,0,1,24,1,2,1,2,7,0,0,0,0,0,0,0,50,2,1,3,70,0
3,37760,54,26,3,13,2,10,0,1,2,0,3,6,0,0,0,0,0,0,0,51,1,1,2,54,0
2,43057,30,213,2,44,0,2,5,4,4,2,5,5,0,0,0,0,0,0,0,48,2,1,3,266,0
3,65104,4,738,0,232,13,20,50,2,3,5,7,7,0,0,0,0,0,0,0,47,2,1,3,1053,0
2,14045,24,11,0,5,2,1,1,1,1,0,3,7,0,0,0,0,0,0,0,54,2,1,3,20,0
1,28457,96,24,1,108,29,29,14,1,4,1,4,8,0,0,0,0,0,0,0,71,1,0,1,205,0
2,46310,99,185,2,88,15,5,14,2,6,1,5,8,0,0,0,0,0,0,0,47,1,1,2,309,0
4,55614,85,504,13,131,8,0,26,1,9,4,6,7,0,1,0,0,0,0,0,79,1,0,1,682,1
2,55563,22,29,1,9,2,0,2,1,2,0,3,3,0,0,0,0,0,0,0,45,1,1,2,43,0
2,27203,92,13,2,21,4,0,24,2,1,1,2,8,0,0,0,0,0,0,0,73,2,2,4,64,0
3,48330,2,28,0,4,0,0,0,1,1,0,3,5,0,0,0,0,0,0,0,62,2,1,3,32,0
3,50943,49,31,0,7,2,0,6,1,1,0,3,5,0,0,0,0,0,0,0,67,2,1,3,46,0
2,34935,71,34,4,66,3,10,20,1,2,1,4,7,0,0,0,0,0,0,0,31,2,0,2,137,0
4,39665,97,127,1,56,0,1,31,3,4,2,3,7,1,0,0,0,0,0,0,42,2,1,3,216,1
2,48920,93,238,17,68,8,10,6,3,6,2,5,7,0,1,0,0,0,0,0,59,2,2,4,347,1
4,44124,62,284,0,55,0,6,52,4,6,2,5,8,0,0,0,0,0,0,0,77,2,1,3,397,0
2,36443,9,65,0,46,4,3,20,4,3,1,3,8,0,0,0,0,0,0,0,62,2,2,4,138,0
2,26095,77,11,7,9,3,1,11,1,1,0,3,7,0,0,0,0,0,0,0,33,1,1,2,42,0
2,30630,67,27,1,12,2,0,10,2,2,0,3,7,0,0,0,0,0,0,0,58,1,2,3,52,0
2,42691,48,179,2,64,38,17,58,1,5,1,6,5,0,0,0,0,0,0,0,32,2,0,2,358,0
2,32880,76,8,4,15,7,6,2,1,1,0,3,8,0,0,0,0,0,0,0,37,2,1,3,42,0
2,65316,65,112,6,92,3,9,38,2,3,2,5,4,0,0,0,0,0,0,0,61,2,2,4,260,0
2,28567,57,11,3,22,2,2,6,2,2,0,3,6,0,0,0,0,0,0,0,41,1,1,2,46,0
3,47352,70,172,12,112,8,0,15,4,6,1,5,7,0,0,0,0,0,0,0,72,2,1,3,319,0
2,44931,0,78,0,11,0,0,7,1,2,1,3,5,0,0,0,0,0,0,0,56,2,1,3,96,0
3,22944,67,19,3,19,4,5,26,3,3,0,3,7,0,0,0,0,0,0,0,42,1,1,2,76,0
1,25315,46,1,9,8,11,3,22,3,3,0,3,8,0,0,0,0,0,0,0,46,2,1,3,54,0
2,43638,37,63,10,83,7,19,19,2,4,1,4,7,0,0,0,0,0,0,0,54,1,1,2,201,0
1,24683,98,8,4,10,6,7,6,2,2,0,4,5,0,0,0,0,0,0,0,33,2,1,3,41,0
2,47850,72,42,7,43,20,12,10,1,3,0,4,6,0,0,0,0,0,0,0,43,2,1,3,134,0
2,19514,47,14,3,21,2,1,28,4,3,1,2,8,1,0,0,0,0,0,1,55,2,2,4,69,2
3,27159,33,17,0,3,0,0,1,2,1,0,3,6,0,0,0,0,0,0,0,50,2,2,4,21,0
1,39548,87,15,4,10,3,4,18,2,1,1,3,3,0,0,0,0,0,0,0,60,1,2,3,54,0
2,21474,0,6,16,24,11,0,34,2,3,1,2,7,1,0,0,0,0,0,1,34,1,1,2,91,2
4,60504,73,458,0,24,6,4,34,2,6,2,8,6,0,0,0,0,0,0,0,52,1,1,2,526,0
2,22419,74,30,3,47,19,21,42,1,3,2,2,8,0,0,0,0,0,0,0,60,2,0,2,162,0
2,43462,50,90,17,97,15,6,15,6,4,1,5,8,0,0,0,0,0,0,0,71,2,2,4,240,0
1,15315,27,7,4,13,15,8,17,2,2,0,4,5,0,0,0,0,0,0,0,53,2,0,2,64,0
2,33039,4,30,8,12,8,8,12,1,2,0,4,5,0,0,0,0,0,0,0,45,2,1,3,78,0
4,48799,9,174,18,81,28,6,24,3,3,2,7,3,0,0,0,0,0,0,0,60,1,1,2,331,0
4,52157,48,189,2,29,3,2,40,2,3,2,5,4,0,0,0,0,0,0,0,73,2,1,3,265,0
3,29298,60,6,0,2,2,0,1,1,1,0,2,5,0,0,0,0,0,0,0,72,2,2,4,11,0
2,47691,43,14,0,3,0,0,4,1,1,0,2,6,0,0,0,0,0,0,0,44,1,1,2,21,0
2,38200,19,12,0,4,0,0,1,1,1,0,2,7,0,0,0,0,0,0,0,53,2,2,4,17,0
4,38443,58,32,0,5,0,0,1,2,1,0,3,7,0,0,0,0,0,0,0,55,2,2,4,38,0
1,38593,42,51,12,49,17,24,24,3,4,1,3,8,0,0,0,0,0,0,0,45,1,1,2,177,0
4,64413,27,200,5,44,0,10,20,1,5,1,5,5,0,0,0,0,0,0,0,53,2,1,3,279,0
3,36959,56,25,6,25,6,0,0,2,2,0,3,8,0,0,0,0,0,0,0,42,2,1,3,62,0
4,61996,27,1050,12,144,0,0,24,3,6,4,8,5,0,1,0,1,1,0,1,46,2,1,3,1230,4
2,51287,10,117,0,22,13,0,30,3,4,1,3,7,0,0,0,0,0,0,0,55,2,2,4,182,0
2,13260,48,9,4,17,10,2,7,4,3,0,3,8,0,0,0,0,0,0,0,53,2,2,4,49,0
4,47472,39,56,0,11,0,0,8,2,2,0,4,5,0,0,0,0,0,0,0,57,2,2,4,75,0
3,54603,85,145,13,46,17,2,4,6,4,2,4,7,0,0,0,0,0,0,0,67,2,2,4,227,0
4,45207,64,203,0,10,0,0,2,5,3,1,6,6,0,1,0,0,0,0,0,49,2,2,4,215,1
1,47821,54,9,0,16,6,6,10,1,1,0,3,8,0,0,0,0,0,0,0,56,2,2,4,47,0
3,27450,57,37,12,23,8,11,52,1,2,1,3,7,0,0,0,0,0,0,0,72,2,0,2,143,0
2,39453,64,46,0,7,0,0,2,2,2,0,3,6,0,0,0,0,0,0,0,40,2,1,3,55,0
1,26850,10,31,1,13,7,2,9,4,2,1,4,4,0,0,0,0,0,0,0,52,2,2,4,63,0
2,53863,4,399,4,30,6,4,30,3,7,1,7,7,0,1,0,0,0,0,0,68,2,1,3,473,1
2,24221,94,8,9,9,2,5,22,1,1,1,3,4,0,0,0,0,0,0,0,64,2,0,2,55,0
4,39684,41,19,0,35,6,4,17,2,2,1,2,7,0,0,0,0,0,1,1,39,1,1,2,81,1
2,33178,9,12,6,2,11,2,16,1,1,0,3,4,0,0,0,0,0,0,0,46,2,1,3,49,0
3,17459,12,6,4,16,3,10,30,3,3,1,2,7,0,0,0,0,0,0,1,48,2,1,3,69,1
2,23910,80,16,12,18,7,1,13,1,2,0,3,7,0,0,0,0,0,0,0,54,1,1,2,67,0
3,42169,20,19,0,9,0,0,2,2,1,0,3,8,0,0,0,0,0,0,0,54,2,2,4,30,0
1,26224,39,4,7,15,13,9,15,3,2,1,3,6,0,0,0,0,0,0,0,45,2,1,3,63,0
2,31089,57,31,3,31,2,8,4,3,3,0,4,8,0,0,0,0,0,0,0,42,2,1,3,79,0
2,30081,27,36,0,2,0,0,4,1,1,0,3,7,0,0,0,0,0,0,0,62,1,1,2,42,0
4,61467,69,410,16,114,0,5,49,3,5,2,10,5,0,0,0,0,0,0,0,75,2,2,4,594,0
3,49618,77,80,3,26,4,2,14,4,3,1,3,7,0,0,0,0,0,0,0,57,2,2,4,129,0
3,21888,15,88,10,46,2,3,64,4,5,1,2,10,0,0,0,0,0,0,1,37,1,1,2,213,1
2,42429,99,55,0,6,2,0,4,2,1,1,3,5,0,0,0,0,0,0,0,50,1,1,2,67,0
2,26150,61,5,1,13,3,5,1,1,1,0,3,7,0,0,0,0,0,0,0,67,1,3,4,28,0
0,30801,23,8,4,5,15,2,11,2,1,0,3,7,0,0,0,0,0,0,0,48,2,1,3,45,0
3,26877,74,101,13,76,20,18,40,2,3,1,6,6,0,0,0,0,0,0,0,54,1,0,1,268,0
3,45006,90,162,25,53,16,0,10,1,3,1,7,3,0,0,0,0,0,0,0,79,1,0,1,266,0
0,18978,41,2,8,1,4,7,15,1,1,0,3,8,0,0,0,0,0,0,0,50,2,1,3,37,0
2,22574,28,25,0,8,2,0,2,2,2,0,3,7,0,0,0,0,0,0,0,56,2,3,5,37,0
2,45837,88,215,13,87,17,17,24,5,6,2,5,7,0,0,0,0,0,0,0,49,2,2,4,373,0
3,35791,94,27,0,5,0,0,3,2,1,0,3,8,0,0,0,0,0,0,0,58,1,3,4,35,0
2,54162,31,5,6,10,6,5,10,1,1,0,3,4,0,0,0,0,0,0,0,45,1,2,3,42,0
3,30522,6,179,8,83,19,11,26,5,1,2,9,2,0,0,0,0,0,0,0,63,2,1,3,326,0
4,54456,23,352,0,27,10,0,15,3,6,1,7,6,0,0,0,0,0,0,0,62,2,1,3,404,0
2,31632,92,17,8,12,11,15,32,1,2,1,2,7,0,0,0,0,0,0,0,52,1,0,1,95,0
1,36975,50,10,6,11,0,4,2,1,1,0,3,7,0,0,0,0,0,0,0,45,1,1,2,33,0
2,13624,93,10,2,15,2,1,6,2,2,0,3,6,0,0,0,0,0,0,0,47,2,1,3,36,0
4,34487,94,19,18,33,24,1,8,3,3,0,3,9,0,0,0,0,0,0,0,46,1,2,3,103,0
2,28769,76,41,5,129,10,3,3,3,4,1,4,9,0,0,0,0,0,0,0,46,1,1,2,191,0
4,65488,46,603,45,207,36,18,54,1,3,4,6,1,0,0,0,0,0,0,0,65,2,0,2,963,0
1,32218,27,10,24,15,13,1,30,1,2,1,3,7,1,0,0,0,0,0,1,63,1,0,1,93,2
2,46102,3,14,0,1,0,0,1,1,1,0,2,7,0,0,0,0,0,0,0,61,1,3,4,16,0
3,55282,9,125,6,73,8,4,19,1,3,1,6,4,0,0,0,0,0,0,0,53,1,1,2,235,0
2,29103,38,16,0,17,6,3,6,2,1,0,3,9,0,0,0,0,0,0,0,38,2,1,3,48,0
4,50616,71,30,2,25,0,1,9,1,1,1,4,2,0,0,0,0,0,0,0,73,2,1,3,67,0
2,49431,9,219,3,100,26,0,17,2,7,1,5,8,0,0,0,0,0,0,0,68,1,1,2,365,0
2,61278,87,111,3,28,2,6,15,2,3,1,4,6,0,0,0,0,0,0,0,70,2,1,3,165,0
1,26490,92,45,47,52,21,20,25,2,3,1,5,6,0,0,0,0,0,0,0,65,2,0,2,210,0
2,56253,83,509,0,65,7,11,5,4,7,2,9,6,0,0,0,0,0,0,0,60,2,1,3,597,0
2,19986,74,3,6,5,0,2,6,1,0,0,3,7,0,0,0,0,0,0,0,38,2,1,3,22,0
0,25965,29,2,2,11,41,7,11,1,2,0,3,8,0,0,0,0,0,0,0,43,2,0,2,74,0
3,14661,88,4,1,11,6,2,2,1,1,0,3,6,0,0,0,0,0,0,0,67,2,0,2,26,0
2,18690,77,6,1,7,23,4,19,1,1,1,2,8,0,0,0,0,0,0,0,64,2,0,2,60,0
4,45068,25,14,0,3,0,0,3,1,1,0,2,7,0,0,0,0,0,0,0,49,2,1,3,20,0
0,21063,34,1,10,11,19,3,15,2,2,0,3,6,0,0,0,0,0,0,0,36,1,1,2,59,0
4,29187,43,26,0,6,0,0,2,1,1,0,3,8,0,0,0,0,0,0,0,55,2,1,3,34,0
1,54690,76,111,16,37,7,9,18,3,3,1,5,3,0,0,0,0,0,0,0,52,2,2,4,198,0
4,52614,63,789,0,142,12,9,38,2,2,4,8,8,0,0,0,0,0,0,0,48,1,1,2,990,0
2,26751,26,1,1,5,0,3,1,1,1,0,2,8,0,0,0,0,0,0,0,49,2,2,4,11,0
4,81300,17,1004,12,145,32,12,36,3,10,3,5,5,0,0,0,1,0,0,1,60,2,1,3,1241,2
1,36145,13,56,4,76,17,1,18,4,4,1,3,9,1,0,0,0,0,0,1,38,2,1,3,172,2
2,38946,84,116,6,82,6,6,41,2,3,1,6,5,0,0,0,0,0,0,0,68,2,1,3,257,0
4,50611,98,459,0,24,6,0,4,6,4,5,7,6,0,1,0,0,0,0,1,63,1,1,2,493,2
0,13084,29,2,0,7,3,7,10,1,1,0,3,6,0,0,0,0,0,0,0,71,2,0,2,29,0
3,47570,3,67,1,20,0,2,31,3,2,2,2,7,0,0,0,0,0,0,1,74,1,2,3,121,1
3,61923,94,92,4,18,3,3,6,1,2,1,4,3,0,0,0,0,0,0,0,62,2,2,4,126,0
2,34824,65,4,2,11,2,0,4,1,1,0,2,6,0,0,0,0,0,0,0,28,1,0,1,23,0
4,26518,33,20,1,28,3,3,2,3,2,0,3,8,0,0,0,0,0,0,1,74,1,2,3,57,1
3,41335,24,112,19,21,16,14,5,3,4,1,4,7,0,0,0,0,0,0,0,55,1,1,2,187,0
4,35682,34,23,0,8,6,2,18,1,1,1,3,2,0,0,0,0,0,0,0,53,1,1,2,57,0
2,43185,88,537,6,42,16,6,30,2,9,3,6,8,0,0,0,0,0,0,0,72,1,1,2,637,0
3,35178,10,23,1,13,2,2,18,1,1,1,2,7,1,0,0,0,0,0,1,52,2,1,3,59,2
2,25252,26,1,3,4,2,2,6,1,1,0,2,8,0,0,0,0,0,0,0,37,2,1,3,18,0
3,55250,49,664,58,83,32,0,66,4,7,5,10,5,0,0,0,0,0,0,0,58,1,1,2,903,0
2,33249,11,6,10,21,19,14,42,2,2,1,3,6,0,0,0,0,0,0,0,48,1,1,2,112,0
2,58398,44,299,5,201,21,21,49,3,5,4,8,4,0,0,0,0,0,0,0,70,2,0,2,596,0
2,50272,75,99,13,66,43,8,4,3,4,1,5,7,0,0,0,0,0,0,0,41,2,1,3,233,0
2,25851,45,9,4,18,7,5,5,2,2,0,3,7,0,0,0,0,0,0,0,45,2,1,3,48,0
2,45160,9,8,2,5,3,0,3,1,1,0,2,7,0,0,0,0,0,0,0,65,1,2,3,21,0
3,74806,1,670,9,249,0,28,9,2,5,4,5,4,0,0,0,0,0,0,0,58,2,1,3,965,0
4,18988,43,6,0,6,2,1,1,2,1,0,3,7,0,0,0,0,0,0,0,39,2,1,3,16,0
2,7500,19,7,0,12,13,7,32,5,4,1,2,9,1,0,0,0,0,0,1,47,2,1,3,71,2
2,44794,99,54,0,7,0,0,4,1,2,0,3,6,0,0,0,0,0,0,0,57,2,1,3,65,0
4,35946,24,8,0,3,0,0,0,1,0,0,3,5,0,0,0,0,0,0,0,74,1,2,3,11,0
4,45072,74,144,2,99,7,2,30,5,6,1,4,8,0,0,0,0,0,0,0,75,1,3,4,284,0
2,89694,22,1126,28,211,37,28,42,3,4,3,4,5,0,1,1,1,0,0,0,50,1,2,3,1472,3
0,17487,37,0,0,1,7,4,6,1,1,0,2,7,0,0,0,0,0,0,0,34,2,1,3,18,0
4,64108,8,948,10,86,13,21,21,4,6,9,11,5,0,0,0,0,0,0,0,70,1,1,2,1099,0
3,34941,26,39,2,25,4,3,24,2,3,0,3,8,0,0,0,0,0,0,0,67,2,2,4,97,0
4,48767,79,28,1,21,3,0,10,3,2,1,3,5,0,0,0,0,0,0,0,73,1,3,4,63,0
1,38702,71,13,11,24,13,8,40,2,3,0,4,6,0,0,0,0,0,0,0,45,2,1,3,109,0
1,17003,37,2,5,12,4,8,7,3,2,0,4,5,0,0,0,0,0,0,0,48,2,1,3,38,0
2,33697,34,4,3,7,0,3,11,1,1,0,2,7,1,0,0,0,0,0,0,53,1,1,2,28,1
4,51518,92,350,8,66,17,4,4,2,3,2,10,3,0,0,0,0,0,0,0,65,2,1,3,449,0
3,40662,0,40,2,23,0,4,23,2,2,1,3,4,0,0,0,0,0,0,0,44,2,1,3,92,0
4,38829,86,76,0,7,0,0,16,1,3,2,2,5,0,0,0,0,0,0,0,64,2,1,3,99,0
1,35523,8,11,5,22,12,5,11,2,3,0,3,7,0,0,0,0,0,0,0,42,2,1,3,66,0
4,31626,12,39,1,9,2,1,34,1,2,1,2,7,1,0,0,0,0,0,1,45,1,1,2,86,2
2,48726,90,138,3,38,4,0,59,3,3,2,4,6,0,0,0,0,0,0,0,68,2,1,3,242,0
1,46891,91,43,12,23,29,15,61,1,2,1,4,4,0,0,0,0,0,0,0,58,2,1,3,183,0
3,62058,52,301,7,74,10,0,58,4,6,1,7,6,0,0,0,0,0,0,0,67,2,1,3,450,0
2,33622,22,39,1,22,3,4,12,3,2,0,4,7,0,0,0,0,0,0,0,51,2,2,4,81,0
4,6835,76,107,2,12,2,2,12,0,0,0,1,20,0,0,0,0,0,0,0,66,2,1,3,137,0
2,41452,86,13,0,3,0,0,0,1,1,0,2,7,0,0,0,0,0,0,0,70,2,2,4,16,0
4,40760,64,70,0,17,0,0,6,2,2,1,3,6,0,0,0,0,0,0,0,58,1,1,2,93,0
3,51124,79,26,1,11,0,1,4,2,1,0,3,3,0,0,0,0,0,0,0,68,1,2,3,43,0
2,36283,42,6,5,5,8,0,5,2,1,0,3,4,0,0,0,0,0,0,0,47,2,2,4,29,0
2,20587,39,2,3,6,4,1,9,1,1,1,2,7,0,0,0,0,0,0,0,53,1,1,2,25,0
2,30467,8,1,3,8,2,5,5,1,1,0,2,7,0,0,0,0,0,0,0,51,2,1,3,24,0
2,31590,40,6,2,15,6,6,3,1,1,0,3,8,0,0,0,0,0,0,0,51,2,1,3,38,0
0,20425,5,4,12,5,3,16,17,2,2,0,3,7,0,0,0,0,0,0,0,37,2,1,3,57,0
3,17144,96,18,2,19,0,2,6,5,3,0,4,7,0,0,0,0,0,0,0,63,2,2,4,47,0
2,40780,30,229,27,71,13,3,34,4,7,1,5,9,0,0,0,0,0,0,0,47,1,1,2,377,0
2,16813,49,4,8,11,12,2,13,1,2,0,3,7,1,0,0,0,0,0,0,73,1,0,1,50,1
2,51267,37,183,2,64,7,2,12,4,3,3,5,4,0,0,0,0,0,0,0,45,2,2,4,270,0
2,46524,70,31,19,35,26,14,52,2,1,1,5,3,0,0,0,0,0,0,0,62,1,1,2,177,0
3,45183,33,219,3,60,12,9,12,1,4,1,7,7,0,1,0,0,0,0,0,61,1,0,1,315,1
2,19329,39,24,1,16,12,2,5,3,4,0,3,8,0,0,0,0,0,0,0,55,2,1,3,60,0
3,61872,81,330,5,159,36,27,16,4,4,4,9,4,0,0,0,0,0,0,0,53,2,1,3,573,0
2,46984,71,19,1,10,2,1,8,1,1,0,3,5,0,0,0,0,0,0,0,67,1,2,3,41,0
2,34838,62,28,23,29,29,14,47,3,2,1,4,6,0,0,0,0,0,0,0,72,2,2,4,170,0
3,49681,66,411,0,26,0,0,21,6,7,1,7,7,0,0,0,0,0,0,0,47,2,2,4,458,0
3,56850,83,34,1,19,2,7,0,1,1,1,3,2,0,0,0,0,0,0,0,52,2,1,3,63,0
2,55267,28,161,28,136,32,3,45,4,3,4,6,3,0,0,0,0,0,0,0,66,2,1,3,405,0
2,26872,0,3,10,8,3,16,32,1,1,1,2,6,0,0,0,0,0,0,0,42,2,0,2,72,0
2,21359,1,12,2,17,6,1,10,2,2,0,3,8,0,0,0,0,0,0,1,51,1,1,2,48,1
4,65968,12,376,9,83,19,4,4,2,5,4,7,3,0,0,0,0,0,0,0,53,2,1,3,495,0
2,30772,89,7,2,4,2,1,4,1,1,0,2,6,0,0,0,0,0,0,0,47,2,2,4,20,0
2,65685,54,642,14,49,0,7,57,1,9,2,9,5,0,0,0,0,0,0,0,51,2,1,3,769,0
1,25804,34,8,7,9,13,6,12,2,2,0,3,8,0,0,0,0,0,0,0,45,2,1,3,55,0
2,22063,43,7,10,13,3,11,11,2,2,0,3,7,0,0,0,0,0,0,0,51,2,1,3,55,0
2,57091,0,464,5,64,7,0,37,1,7,3,7,5,0,0,0,0,1,0,1,62,1,0,1,577,2
2,22419,74,30,3,47,19,21,42,1,3,2,2,8,0,0,0,0,0,0,0,60,2,0,2,162,0
2,37859,75,22,1,8,2,1,2,2,1,0,3,8,0,0,0,0,0,0,0,61,1,3,4,36,0
2,16529,23,3,0,5,13,0,1,1,1,0,3,6,0,0,0,0,0,0,0,39,2,1,3,22,0
4,55412,65,10,5,28,11,1,8,1,2,0,3,5,0,0,0,0,0,0,0,47,1,2,3,63,0
4,56575,42,421,5,90,0,16,10,3,7,3,7,5,0,0,0,0,0,0,0,56,2,2,4,542,0
1,25130,10,2,5,7,0,18,18,2,2,0,3,7,0,0,0,0,0,0,0,43,2,1,3,50,0
2,35441,94,25,1,9,2,1,1,2,1,0,3,8,0,0,0,0,0,0,0,56,2,2,4,39,0
1,45889,42,31,0,6,0,1,8,1,1,0,3,6,0,0,0,0,0,0,0,43,1,1,2,46,0
2,34026,11,18,6,15,12,8,17,3,2,1,3,5,0,0,0,0,0,0,0,73,2,2,4,76,0
2,34176,12,5,7,24,19,14,20,4,3,0,4,6,0,0,0,0,0,0,0,35,1,1,2,89,0
2,19419,76,2,14,28,16,3,7,4,4,0,3,9,0,0,0,0,0,0,0,42,2,1,3,70,0
3,55284,60,547,7,140,0,7,63,3,7,5,8,5,0,0,0,0,0,0,0,67,1,1,2,764,0
2,49980,79,104,1,54,13,9,14,2,3,1,5,5,0,0,0,0,0,0,0,60,1,1,2,195,0
2,15072,96,8,2,15,0,10,18,4,3,1,3,5,0,0,0,0,0,0,0,43,2,2,4,53,0
4,30843,43,24,0,2,0,0,9,2,1,1,2,5,1,0,0,0,0,0,0,57,2,2,4,35,1
4,46374,1,408,0,21,0,0,17,3,7,1,7,8,0,1,0,1,0,0,1,49,2,1,3,446,3
3,38576,2,34,0,7,0,0,0,1,1,0,3,7,0,0,0,0,0,0,0,50,2,1,3,41,0
2,37758,49,27,2,10,0,0,1,2,1,0,3,8,0,0,0,0,0,0,0,57,2,2,4,40,0
2,23228,71,13,2,18,6,1,0,2,2,0,3,8,0,0,0,0,0,0,0,54,2,1,3,40,0
3,44602,35,167,2,89,0,0,34,6,6,1,4,8,0,0,0,0,0,0,0,54,2,2,4,292,0
2,7500,94,0,2,3,4,1,5,1,0,0,3,6,0,0,0,0,0,0,0,36,2,0,2,15,0
4,57906,29,243,11,119,10,3,15,3,4,2,8,4,0,0,0,0,0,0,0,50,2,1,3,401,0
3,43456,0,275,11,68,25,7,7,3,5,1,8,5,0,0,0,0,0,0,0,57,1,1,2,393,0
3,19485,80,6,0,4,0,0,0,1,1,0,2,7,0,0,0,0,0,0,0,37,1,2,3,10,0
2,30545,71,4,12,15,19,7,12,2,2,0,3,7,0,0,0,0,0,0,0,44,2,1,3,69,0
2,21675,55,4,0,16,17,4,4,3,4,0,3,7,0,0,0,0,0,0,0,47,2,1,3,45,0
1,42395,35,48,13,57,24,15,25,4,3,1,4,7,0,0,0,0,0,0,0,42,1,2,3,182,0
2,39922,30,29,12,59,19,1,36,2,3,0,4,8,0,0,0,0,0,0,0,40,2,1,3,156,0
1,17117,96,12,23,38,30,18,7,4,3,1,3,9,0,0,0,0,0,0,0,45,2,1,3,128,0
2,24762,16,6,10,12,3,15,40,3,3,1,2,8,1,0,0,0,0,0,1,51,1,1,2,86,2
2,35797,16,27,1,14,4,1,21,2,2,0,3,8,0,0,0,0,0,0,0,48,2,1,3,68,0
2,36627,78,9,1,5,0,0,1,1,0,0,3,5,0,0,0,0,0,0,0,48,1,2,3,16,0
1,51111,83,22,0,19,6,5,3,2,2,0,3,6,0,0,0,0,0,0,0,42,2,2,4,55,0
4,46231,87,189,2,55,0,5,12,4,6,1,4,9,0,0,0,0,0,0,0,70,1,3,4,263,0
2,42243,34,48,0,2,0,0,5,2,2,0,3,7,0,0,0,0,0,0,0,64,2,2,4,55,0
2,31814,73,35,3,20,4,1,20,2,2,0,3,9,1,0,0,0,0,0,0,50,2,1,3,83,1
3,51390,54,205,20,47,23,2,56,6,5,2,5,5,0,0,0,0,0,0,0,58,1,2,3,353,0
0,26868,52,0,0,1,8,3,2,1,1,0,2,7,0,0,0,0,0,0,0,32,1,1,2,14,0
4,37087,50,194,55,134,15,0,3,3,4,2,8,6,0,0,0,0,0,0,0,49,2,1,3,401,0
2,21846,38,7,17,18,6,10,26,4,4,0,3,8,0,0,0,0,0,0,0,37,1,1,2,84,0
2,54137,46,171,0,11,0,1,20,2,4,1,4,6,0,0,0,0,0,0,0,53,1,1,2,203,0
2,58917,10,151,7,89,0,7,28,5,4,1,6,5,0,0,0,0,0,0,0,54,2,3,5,282,0
2,45684,37,5,1,5,10,0,7,1,1,0,2,7,0,0,0,0,0,0,0,52,1,1,2,28,0
2,47889,94,29,0,29,0,5,4,1,2,0,3,5,0,0,0,0,0,0,0,49,2,1,3,67,0
4,45921,23,102,9,49,24,3,12,1,2,1,6,4,0,0,0,0,0,0,0,37,2,0,2,199,0
3,35641,11,63,3,67,8,9,28,2,3,1,4,7,0,0,0,0,0,0,1,51,2,1,3,178,1
4,46015,25,38,0,2,0,0,6,1,1,0,3,7,1,0,0,0,1,0,0,68,2,2,4,46,2
3,39858,67,15,20,25,2,7,26,1,2,0,4,6,0,0,0,0,0,0,1,54,1,1,2,95,1
4,34469,58,19,6,20,0,5,12,3,1,1,4,4,0,0,0,0,0,0,0,75,2,2,4,62,0
2,46107,78,31,9,27,16,9,33,1,1,1,4,3,0,0,0,0,0,0,0,34,1,1,2,125,0
4,64950,29,819,0,72,12,0,63,2,11,2,10,7,0,1,0,0,0,0,0,72,1,1,2,966,1
0,25443,82,1,4,3,8,9,7,1,1,0,3,8,0,0,0,0,0,0,0,34,2,1,3,32,0
4,32892,78,26,0,15,2,1,2,2,3,0,3,8,0,0,0,0,0,0,0,52,2,1,3,46,0
0,14906,86,7,7,14,7,16,15,3,2,1,3,7,0,0,0,0,0,0,0,37,1,0,1,66,0
2,68274,83,135,25,51,23,25,46,2,4,2,5,3,0,0,0,0,0,0,0,44,1,2,3,305,0
2,39771,92,6,2,18,2,8,14,1,2,0,3,4,0,0,0,0,0,0,0,46,2,1,3,50,0
4,27922,80,11,0,13,2,4,11,1,2,0,3,4,0,0,0,0,0,0,0,44,2,1,3,41,0
4,52190,39,42,0,17,0,0,18,3,2,1,3,5,1,0,0,0,0,0,0,47,2,2,4,77,1
3,44051,20,79,7,58,6,3,18,4,3,1,4,6,0,0,0,0,0,0,1,50,1,2,3,171,1
4,42767,53,20,6,43,19,5,38,1,3,1,2,8,0,0,0,0,0,0,0,52,1,2,3,131,0
3,46106,84,30,0,8,2,0,14,1,1,1,2,6,0,0,0,0,0,0,0,47,2,2,4,54,0
4,16927,50,20,2,23,3,1,4,5,3,0,4,8,0,0,0,0,0,0,0,47,2,2,4,53,0
2,59041,25,69,2,15,2,2,6,2,2,0,4,5,0,0,0,0,0,0,0,50,2,2,4,96,0
4,54237,48,267,3,30,4,0,57,4,5,2,5,6,0,0,0,0,0,0,0,66,1,1,2,361,0
4,52597,69,492,0,37,7,0,42,3,6,3,8,5,0,0,0,0,0,0,0,61,1,1,2,578,0
3,41021,12,14,7,9,6,16,12,2,2,0,3,6,0,0,0,0,0,0,1,54,2,1,3,64,1
4,40233,84,80,4,46,0,17,2,5,2,1,5,6,0,0,0,0,0,0,0,48,2,1,3,149,0
2,33471,47,43,2,27,0,9,12,3,3,0,4,7,0,0,0,0,0,0,0,50,2,1,3,93,0
4,34596,48,14,0,2,0,0,7,1,1,0,2,8,0,0,0,0,0,0,1,49,2,1,3,23,1
4,40706,37,59,0,11,4,2,5,4,3,0,4,7,0,0,0,0,0,0,0,55,2,3,5,81,0
1,15716,8,16,5,30,8,7,26,3,3,0,4,8,0,0,0,0,0,1,0,35,2,1,3,92,0
2,35704,54,30,9,12,2,11,30,3,2,0,4,4,0,0,0,0,0,0,0,71,2,2,4,94,0
1,46779,55,12,1,3,0,0,7,1,0,1,2,4,0,0,0,0,0,0,0,63,1,2,3,23,0
2,4861,20,2,1,1,1,0,1,0,0,0,0,14,0,0,0,0,0,0,0,58,1,0,1,6,0
3,33462,78,22,3,18,0,0,11,1,2,0,3,7,0,0,0,0,0,0,0,44,1,1,2,54,0
4,65352,43,284,3,84,4,7,23,2,4,2,8,4,0,0,0,0,0,0,0,49,2,1,3,405,0
4,35340,1,27,0,12,0,1,5,2,2,0,3,5,0,0,0,0,0,0,0,67,1,2,3,45,0
1,24884,32,3,6,7,0,0,3,1,0,0,3,7,0,0,0,0,0,0,0,51,2,1,3,19,0
3,42021,34,393,5,136,7,5,27,5,10,1,6,9,1,0,0,0,0,0,0,42,2,1,3,573,1
2,64587,49,66,0,16,0,6,20,2,1,1,4,3,0,0,0,0,0,0,0,69,1,2,3,108,0
2,34824,65,4,2,11,2,0,4,1,1,0,2,6,0,0,0,0,0,0,0,28,1,0,1,23,0
2,26091,84,15,10,19,8,17,20,3,2,1,3,5,0,0,0,0,0,0,0,66,2,2,4,89,0
2,46086,34,244,8,32,7,2,50,4,3,1,8,4,0,0,0,0,0,0,0,67,1,1,2,343,0
2,22434,25,4,12,11,3,13,15,2,2,0,3,8,0,0,0,0,0,0,0,36,2,1,3,58,0
4,36930,50,223,2,31,0,2,39,5,5,2,4,8,0,0,0,0,0,0,0,69,2,1,3,297,0
2,19514,47,14,3,21,2,1,28,4,3,1,2,8,1,0,0,0,0,0,0,55,2,2,4,69,1
4,36736,52,10,0,3,0,0,4,1,1,0,2,6,0,0,0,0,0,0,0,60,1,2,3,17,0
4,49187,63,81,1,31,2,1,0,1,1,1,5,2,0,0,0,0,0,0,0,47,2,1,3,116,0
3,34053,14,63,0,21,7,0,12,1,3,0,3,8,0,0,0,0,0,0,0,55,2,1,3,103,0
3,38196,20,30,0,11,0,0,3,3,2,0,4,5,0,0,0,0,0,0,0,52,2,2,4,44,0
2,54165,72,127,4,73,15,6,11,1,2,1,7,2,0,0,0,0,0,0,0,54,2,0,2,236,0
2,32300,1,13,3,6,6,5,6,1,1,0,3,8,0,0,0,0,0,0,0,50,2,1,3,39,0
2,20180,27,18,42,24,15,20,18,1,2,1,4,7,0,0,0,0,0,0,0,47,1,0,1,137,0
2,34961,77,45,2,26,4,1,1,3,3,1,3,7,0,0,0,0,0,0,0,50,2,1,3,79,0
4,28440,87,38,1,24,0,0,0,1,2,0,3,8,0,0,0,0,0,0,0,49,2,1,3,63,0
3,33564,51,61,0,3,0,0,7,1,1,1,3,5,0,0,0,0,0,0,0,57,2,1,3,71,0
2,17345,79,4,9,16,17,0,12,2,2,1,2,8,0,0,0,0,0,0,0,45,2,1,3,58,0
2,28647,54,19,8,29,0,12,26,1,2,2,2,7,1,0,0,0,0,0,1,45,1,1,2,94,2
0,15038,93,4,8,11,19,12,26,2,2,1,2,9,0,0,0,0,0,0,0,36,1,1,2,80,0
4,32173,0,18,0,2,0,0,2,1,1,0,3,4,0,0,0,0,0,0,0,65,1,1,2,22,0
1,31056,99,5,10,13,3,8,16,1,1,0,3,8,0,0,0,0,0,0,0,46,2,1,3,55,0
2,28071,65,39,33,130,41,26,44,2,5,1,5,8,0,0,0,0,0,0,0,43,1,0,1,313,0
4,37334,44,26,1,16,2,2,15,4,3,0,4,4,0,0,0,0,0,0,0,65,2,2,4,62,0
3,46423,6,68,0,16,0,0,8,3,2,0,4,7,0,0,0,0,0,0,0,51,1,2,3,92,0
4,37126,9,45,3,9,4,4,7,1,1,2,2,6,1,0,0,0,0,0,1,52,2,1,3,72,2
2,38998,92,34,1,14,0,0,5,3,2,0,3,8,0,0,0,0,0,1,0,69,2,2,4,54,0
2,34728,2,14,0,16,0,0,6,1,1,1,2,6,0,0,0,0,0,0,1,37,2,1,3,36,1
3,33168,0,80,1,37,0,1,3,3,2,1,4,7,0,0,0,0,0,0,0,58,1,1,2,122,0
3,33585,91,30,11,33,13,6,29,1,2,0,4,4,0,0,0,0,0,0,0,57,2,1,3,122,0
2,44529,98,538,13,91,17,6,26,6,6,2,11,5,0,1,0,0,0,0,0,57,2,1,3,691,1
4,28764,16,8,0,3,0,0,1,1,1,0,2,8,1,0,0,0,0,0,0,57,2,2,4,12,1
1,25959,1,4,2,12,7,5,26,2,1,2,2,6,0,0,0,0,0,0,1,53,1,2,3,56,1
3,27100,64,12,0,13,2,0,10,1,1,0,3,7,0,0,0,0,0,0,0,40,2,1,3,37,0
2,42557,98,192,5,53,0,5,15,4,6,1,4,8,0,0,0,0,0,0,0,49,2,1,3,270,0
4,53312,32,241,0,12,0,0,25,1,5,1,5,7,0,0,0,0,0,0,0,72,2,0,2,278,0
4,35860,37,15,0,8,4,2,20,2,1,1,2,5,1,0,0,0,0,0,0,50,1,2,3,49,1
4,65526,22,397,19,69,12,0,9,1,4,4,8,2,0,0,0,0,0,0,0,59,2,1,3,506,0
2,16860,19,10,4,4,3,3,14,3,1,1,3,7,0,0,0,0,0,0,0,62,2,2,4,38,0
2,22304,91,3,2,7,0,4,2,1,1,0,2,8,0,0,0,0,0,0,0,67,1,0,1,18,0
4,32892,78,26,0,15,2,1,2,2,3,0,3,8,0,0,0,0,0,0,0,52,2,1,3,46,0
2,59925,83,473,21,176,19,21,56,3,9,2,9,6,0,0,0,0,0,0,0,68,2,1,3,766,0
2,39722,92,32,0,5,2,0,8,2,2,0,3,5,0,0,0,0,0,0,0,70,2,1,3,47,0
1,26907,10,9,1,7,0,3,2,2,1,0,3,7,0,0,0,0,0,0,0,47,2,2,4,22,0
3,50014,9,234,14,77,19,10,42,2,4,1,8,5,0,0,0,0,0,0,0,55,1,1,2,396,0
4,41014,65,7,2,6,2,0,3,1,1,0,2,7,0,0,0,0,0,0,0,45,2,1,3,20,0
2,36715,16,172,10,125,21,13,16,6,7,2,4,9,0,0,0,0,0,0,1,52,2,1,3,357,1
2,40479,95,5,0,8,2,0,0,1,0,0,3,4,0,0,0,0,0,0,0,41,2,1,3,15,0
2,24163,3,4,1,7,2,1,2,2,1,0,3,4,0,0,0,0,0,0,0,53,1,2,3,17,0
2,43776,77,8,0,9,2,1,3,1,1,0,2,6,0,0,0,0,0,0,0,40,2,1,3,23,0
4,39190,91,68,8,18,19,8,12,2,2,1,4,5,0,0,0,0,0,0,0,49,1,1,2,133,0
4,38578,2,38,4,22,3,3,3,3,3,0,3,8,0,0,0,0,0,0,0,51,1,2,3,73,0
4,57236,22,105,0,9,2,1,4,3,2,1,4,3,0,0,0,0,0,0,0,58,2,2,4,121,0
2,79803,54,574,8,216,21,16,33,1,4,3,5,1,0,0,0,0,0,0,0,65,1,1,2,868,0
3,27590,38,6,0,5,0,0,1,1,1,0,2,7,0,0,0,0,0,0,0,41,2,1,3,12,0
2,38508,95,120,19,206,25,19,54,6,7,2,5,8,0,0,0,0,0,0,0,37,2,1,3,443,0
2,53187,66,211,2,30,7,7,10,2,4,1,6,5,0,0,0,0,0,0,0,53,2,1,3,267,0
2,30023,28,11,0,16,7,6,21,1,2,0,3,8,0,0,0,0,0,0,0,51,2,1,3,61,0
4,50870,13,53,0,8,0,0,2,1,2,0,3,5,0,0,0,0,0,0,0,71,2,1,3,63,0
1,15315,27,7,4,13,15,8,17,2,2,0,4,5,0,0,0,0,0,0,0,53,2,0,2,64,0
4,54466,78,12,0,4,0,0,0,1,1,0,2,5,0,0,0,0,0,0,0,50,1,2,3,16,0
4,16269,75,19,3,18,3,1,0,3,3,0,3,8,0,0,0,0,0,0,0,39,1,1,2,44,0
4,33569,10,16,2,18,3,0,24,1,1,1,2,8,1,0,0,0,0,0,1,40,2,1,3,63,2
0,22634,47,2,23,11,8,6,46,1,2,1,2,8,0,0,0,0,0,0,0,57,2,0,2,96,0
1,47025,98,508,11,59,23,5,29,5,11,1,6,9,0,0,0,0,0,0,0,45,2,1,3,635,0
4,31605,15,74,0,42,2,1,6,2,2,1,4,7,0,0,0,0,0,0,0,44,2,1,3,125,0
2,48526,32,23,17,23,43,20,9,1,2,1,4,3,0,0,0,0,0,0,0,44,1,1,2,135,0
2,46734,40,110,5,137,26,23,29,2,6,1,5,7,0,0,0,0,0,0,0,69,2,1,3,330,0
2,46931,94,41,0,17,3,1,16,2,1,1,3,3,0,0,0,0,0,0,0,46,2,3,5,78,0
0,16581,51,1,3,4,2,3,11,1,0,0,3,4,0,0,0,0,0,0,0,38,1,0,1,24,0
2,25930,87,6,1,2,2,0,4,1,1,0,2,7,0,0,0,0,0,0,0,56,1,2,3,15,0
2,42693,29,8,4,20,6,3,16,1,1,0,3,5,0,0,0,0,0,0,0,45,2,1,3,57,0
1,49669,97,166,5,107,11,8,29,2,5,1,6,6,0,0,0,0,0,0,0,49,2,1,3,326,0
4,36778,63,29,4,34,2,4,4,3,3,0,3,9,0,0,0,0,0,0,0,55,2,2,4,77,0
3,10979,34,8,4,10,2,2,4,2,3,0,3,5,0,0,0,0,0,0,0,34,1,0,1,30,0
2,49678,81,229,5,56,3,2,20,2,6,2,4,7,0,0,0,0,0,0,0,62,2,1,3,315,0
2,37155,51,23,0,26,7,15,3,1,2,0,4,5,0,0,0,0,0,0,0,34,2,1,3,74,0
1,21282,76,1,5,8,4,8,20,2,2,1,2,6,0,0,0,0,0,0,0,45,1,1,2,46,0
4,33419,76,56,0,12,0,0,18,2,2,0,4,7,0,0,0,0,0,0,0,61,1,1,2,86,0
3,21255,56,29,0,25,2,2,3,4,2,1,4,4,0,0,0,0,0,0,0,49,2,1,3,61,0
2,42162,31,46,7,59,2,4,27,2,3,1,3,6,1,0,0,0,0,0,1,42,2,1,3,145,2
4,57744,91,350,3,39,0,0,19,2,9,1,4,8,0,0,0,0,0,0,0,69,2,1,3,411,0
2,26576,40,10,0,8,0,0,9,1,1,0,2,9,1,0,0,0,0,0,1,37,1,1,2,27,2
2,7500,61,5,2,3,3,0,5,1,1,0,2,8,0,0,0,0,0,0,0,44,2,1,3,18,0
3,54197,16,162,6,37,6,13,13,2,1,3,6,1,0,0,0,0,0,0,0,63,2,1,3,237,0
4,23091,98,35,0,11,0,0,2,4,2,1,3,7,0,0,0,0,0,0,0,60,1,2,3,48,0
2,44375,73,213,5,28,7,7,41,1,4,1,6,5,0,0,0,0,0,0,0,58,2,1,3,301,0
2,59594,74,457,4,29,0,0,9,1,8,1,7,7,0,1,0,0,0,0,0,58,2,1,3,499,1
4,40344,48,210,0,6,0,0,2,2,4,1,5,7,0,0,0,0,0,0,0,49,2,1,3,218,0
2,62710,53,441,35,83,7,29,11,4,4,2,12,4,0,0,0,0,0,0,0,51,2,1,3,606,0
1,48985,13,19,13,18,10,7,8,1,1,1,3,3,0,0,0,0,0,0,0,55,2,1,3,75,0
2,35322,34,28,9,37,12,7,13,3,2,0,4,8,0,0,0,0,0,0,0,55,2,3,5,106,0
0,14421,81,0,0,2,3,3,8,1,1,0,2,5,1,0,0,0,0,0,0,27,2,0,2,16,1
1,20130,99,0,6,3,7,6,12,1,1,0,3,8,0,0,0,0,0,0,0,49,2,0,2,34,0
3,66726,61,349,7,35,0,0,47,3,8,2,4,7,0,1,0,0,0,0,0,66,2,2,4,438,1
0,23724,65,5,23,15,0,18,14,2,2,0,3,8,0,0,0,0,0,0,0,44,2,1,3,75,0
3,47353,93,184,2,19,8,8,4,3,2,2,6,5,0,0,0,0,0,0,0,63,2,1,3,225,0
3,33444,24,8,0,8,0,0,2,1,1,0,2,8,0,0,0,0,0,0,0,71,2,2,4,18,0
2,28510,72,44,5,19,0,4,19,3,2,0,4,5,0,0,0,0,0,0,0,42,1,2,3,91,0
2,48070,33,373,14,83,6,9,19,3,8,2,6,7,0,0,0,0,0,1,0,73,2,1,3,504,0
2,43140,68,134,8,76,6,0,11,1,4,1,5,6,0,0,0,0,0,0,0,66,2,1,3,235,0
4,54959,55,1148,0,60,0,0,24,3,9,5,4,7,0,1,0,0,0,0,1,62,1,1,2,1232,2
0,15056,76,6,12,3,21,6,40,5,2,2,3,5,0,0,0,0,0,0,0,65,1,2,3,88,0
2,26954,17,4,1,11,0,0,1,1,1,0,2,7,0,0,0,0,0,0,0,52,1,1,2,17,0
2,22327,94,5,4,8,2,0,5,1,1,0,3,5,0,0,0,0,0,0,0,38,1,1,2,24,0
2,44393,86,24,2,20,2,2,10,2,1,0,4,4,0,0,0,0,0,0,0,58,2,2,4,60,0
4,62000,25,899,0,101,0,0,20,1,6,6,13,4,0,0,0,1,0,0,0,71,1,1,2,1020,1
4,31497,22,108,1,28,13,1,4,2,3,1,4,8,0,0,0,0,0,0,0,61,2,1,3,155,0
1,45894,15,27,2,7,0,2,13,1,1,0,3,5,0,0,0,0,0,0,0,49,2,2,4,51,0
2,58401,55,10,0,11,17,29,29,1,1,2,2,4,0,0,0,0,0,0,0,63,1,1,2,96,0
2,62307,94,87,13,34,10,6,10,1,4,0,4,5,0,0,0,0,0,0,0,71,1,1,2,160,0
3,43641,50,57,2,51,4,2,23,3,2,1,4,6,0,0,0,0,0,0,0,54,2,2,4,139,0
1,46891,91,43,12,23,29,15,61,1,2,1,4,4,0,0,0,0,0,0,0,58,2,1,3,183,0
3,70091,11,964,34,137,15,0,11,2,5,2,10,8,0,1,0,0,0,0,0,54,2,1,3,1161,1
2,54809,0,63,6,57,13,13,22,4,2,1,5,4,0,0,0,0,0,0,0,46,2,2,4,174,0
3,51412,42,140,3,29,4,5,14,2,3,2,4,4,0,0,0,0,0,0,0,65,2,1,3,195,0
2,15287,60,1,2,8,4,3,13,2,1,1,2,7,1,0,0,0,0,0,1,44,1,1,2,31,2
3,50965,87,544,13,85,8,6,29,3,10,4,5,8,1,0,0,0,0,0,0,67,2,1,3,685,1
2,18351,1,1,12,9,0,14,7,1,2,0,3,7,0,0,0,0,0,0,0,33,2,0,2,43,0
4,40451,54,35,0,4,0,0,10,1,1,1,2,5,1,0,0,0,0,0,0,66,2,2,4,49,1
2,36317,53,87,3,25,3,2,13,2,3,0,4,7,0,0,0,0,0,0,0,58,2,1,3,133,0
2,42213,96,309,3,24,4,3,20,2,5,1,7,7,0,1,0,0,0,0,0,66,2,1,3,363,1
2,42160,26,48,9,45,3,15,20,4,2,1,4,6,0,0,0,0,0,0,1,48,1,2,3,140,1
4,33629,49,132,0,16,0,0,4,5,3,1,4,9,0,0,0,0,0,0,0,60,2,2,4,152,0
2,34377,55,62,0,22,3,1,26,2,2,2,2,7,0,0,0,0,0,0,0,60,1,1,2,114,0
0,8940,25,1,45,3,4,6,42,3,3,1,3,8,0,0,0,0,0,0,0,37,1,1,2,101,0
2,26228,50,2,6,4,3,1,9,1,1,0,2,8,0,0,0,0,0,0,0,50,2,1,3,25,0
2,40211,30,51,1,7,2,1,25,2,2,1,2,8,1,0,0,0,0,0,0,42,2,2,4,87,1
4,33438,81,62,1,16,3,2,6,4,2,1,4,5,0,0,0,0,0,0,0,65,1,2,3,90,0
4,75032,74,952,12,180,47,12,12,2,5,4,9,3,0,0,0,0,0,0,0,64,2,1,3,1215,0
4,61284,76,618,15,106,20,7,45,1,11,2,8,6,0,1,0,0,0,0,0,68,1,0,1,811,1
2,22518,36,11,7,12,2,2,27,2,2,1,2,5,1,0,0,0,0,0,1,37,2,1,3,61,2
3,54730,64,318,3,17,4,7,56,5,4,1,8,4,0,0,0,0,0,0,0,48,2,1,3,405,0
3,38452,62,56,0,14,0,0,2,3,3,0,3,7,0,0,0,0,0,0,0,68,2,2,4,72,0
2,44421,53,110,5,59,7,1,7,5,5,0,4,8,0,0,0,0,0,0,0,52,1,2,3,189,0
4,38197,86,23,0,11,2,1,3,1,1,0,3,5,0,0,0,0,0,0,0,37,2,1,3,40,0
2,41986,15,27,5,8,8,3,12,3,3,0,4,4,0,0,0,0,0,0,0,45,1,1,2,63,0
2,28427,67,18,3,19,3,3,6,2,2,0,3,8,0,0,0,0,0,0,0,40,2,1,3,52,0
4,37395,47,18,0,9,0,1,11,1,1,0,3,6,0,0,0,0,0,0,0,47,2,1,3,39,0
3,55249,81,97,1,19,2,0,11,1,2,1,4,3,0,0,0,0,0,0,0,67,2,1,3,130,0
2,28691,56,5,4,13,8,0,4,1,1,0,3,8,0,0,0,0,0,0,0,34,2,1,3,34,0
2,44213,48,95,11,35,0,4,7,4,2,1,5,6,0,0,0,0,0,0,0,71,1,2,3,152,0
0,25707,18,1,6,2,3,6,3,1,1,0,3,7,0,0,0,0,0,0,0,39,1,1,2,21,0
4,59062,74,46,1,12,3,0,9,2,2,0,3,4,0,0,0,0,0,0,0,56,2,3,5,71,0
4,27683,90,152,9,121,12,12,45,4,6,2,4,8,0,0,0,0,0,0,0,45,2,1,3,351,0
0,7500,63,10,17,18,8,26,40,4,3,2,2,9,0,0,0,0,0,0,0,31,1,1,2,119,0
2,40521,82,12,0,5,0,0,4,1,0,1,2,5,0,0,0,0,0,0,0,55,2,2,4,21,0
4,20427,63,5,0,4,0,0,1,1,1,0,2,8,0,0,0,0,0,0,0,50,2,1,3,10,0
2,65106,55,790,19,133,12,0,19,3,8,3,13,6,0,1,0,0,0,0,0,48,2,1,3,973,1
4,55158,72,293,0,87,4,11,23,4,7,2,5,7,0,0,0,0,0,0,1,53,2,2,4,418,1
2,39356,21,15,0,2,0,0,6,1,1,0,2,6,1,0,0,0,0,0,0,47,2,2,4,23,1
4,35860,37,15,0,8,4,2,20,2,1,1,2,5,1,0,0,0,0,0,0,50,1,2,3,49,1
2,31454,40,28,0,11,0,0,9,3,2,0,3,8,0,0,0,0,0,0,0,63,2,2,4,48,0
2,47139,2,46,0,12,0,2,23,2,2,1,2,7,0,0,0,0,0,0,1,71,1,2,3,83,1
2,19656,94,25,4,9,6,8,32,3,2,1,3,7,0,0,0,0,0,0,0,53,2,1,3,84,0
4,45579,10,145,1,33,2,1,1,1,4,1,4,6,0,0,0,0,0,0,0,75,2,1,3,183,0
2,38808,21,125,17,52,3,19,30,4,5,1,4,8,1,0,0,0,0,0,1,51,1,1,2,246,2
3,23748,97,6,6,29,12,15,8,3,2,1,3,8,0,0,0,0,0,0,0,55,1,1,2,76,0
2,66303,56,1090,12,96,16,12,60,4,3,4,11,8,0,1,0,0,0,0,0,52,2,1,3,1286,1
3,37368,4,3,2,11,2,2,10,1,1,0,2,6,1,0,0,0,0,0,0,48,2,1,3,30,1
2,46149,36,254,6,71,4,0,27,5,5,1,7,5,0,0,0,0,0,0,0,48,2,1,3,362,0
4,37633,49,13,4,20,0,0,1,2,1,0,3,9,0,0,0,0,0,0,0,66,2,2,4,38,0
3,39767,18,113,61,204,34,26,47,2,7,1,7,8,0,0,0,0,0,0,0,72,2,0,2,485,0
2,33986,43,16,2,18,2,1,5,1,1,0,3,7,0,0,0,0,0,0,0,53,1,1,2,44,0
4,57091,82,462,0,24,6,0,4,2,9,2,5,7,0,1,0,0,0,0,1,51,2,1,3,496,2
1,46831,84,22,2,10,6,4,34,2,1,2,2,4,0,0,0,0,0,0,0,54,2,2,4,78,0
2,15759,12,1,2,5,6,0,3,1,1,0,2,7,0,0,0,0,0,0,0,67,2,0,2,17,0
2,22804,75,14,1,7,2,1,1,1,2,0,2,9,0,0,0,0,0,0,0,52,1,1,2,26,0
1,43050,10,30,5,24,6,3,8,2,2,0,4,5,0,0,0,0,0,0,0,50,2,1,3,76,0
4,42997,91,4,0,5,0,1,5,1,1,0,2,7,0,0,0,0,0,0,0,46,1,2,3,15,0
4,48918,21,52,0,9,0,0,1,2,1,0,4,4,0,0,0,0,0,0,0,60,1,2,3,62,0
3,60033,28,62,1,57,19,11,48,2,2,1,5,2,0,0,0,0,0,0,0,69,2,1,3,198,0
4,34043,97,20,2,14,3,0,10,1,2,0,2,9,0,0,0,0,0,0,0,45,2,1,3,49,0
2,7500,5,6,5,4,13,4,25,4,2,1,3,6,0,0,0,0,0,0,0,45,1,2,3,57,0
1,23148,83,4,6,8,6,3,10,1,2,0,3,7,0,0,0,0,0,0,0,38,2,0,2,37,0
2,44267,48,183,5,65,3,5,49,5,5,2,4,9,0,0,0,0,0,0,0,53,1,2,3,310,0
2,60894,61,606,7,155,10,0,54,5,10,3,8,7,0,0,0,0,0,0,0,57,2,1,3,832,0
2,50200,70,266,6,51,8,6,64,6,7,1,5,8,0,0,0,0,0,0,0,47,2,2,4,401,0
4,81051,43,1142,29,249,38,29,14,1,5,5,12,2,0,1,1,0,0,0,0,58,2,0,2,1501,2
2,65169,23,1074,0,69,0,0,46,1,10,4,13,6,1,0,1,1,1,0,1,41,2,0,2,1189,5
3,45143,74,202,5,74,11,5,14,3,6,1,5,7,0,0,0,0,0,0,0,58,2,1,3,311,0
4,27238,39,37,0,17,0,0,3,3,3,0,3,9,0,0,0,0,0,0,0,61,1,2,3,57,0
1,46094,62,12,2,20,3,2,5,1,1,0,3,7,0,0,0,0,0,0,0,50,2,2,4,44,0
2,40321,59,44,4,21,6,0,27,2,3,0,3,7,0,0,0,0,0,0,0,51,2,2,4,102,0
2,37235,68,20,2,9,4,6,20,1,1,1,2,4,0,0,0,0,0,0,0,39,2,1,3,61,0
0,18393,2,7,10,13,16,0,4,2,3,0,3,8,0,0,0,0,0,0,0,49,2,1,3,50,0
2,24711,86,10,7,25,6,3,7,1,3,0,3,7,0,0,0,0,0,0,0,41,2,0,2,58,0
4,45503,54,97,4,44,6,1,18,1,3,1,4,5,0,0,0,0,0,0,0,48,2,1,3,170,0
2,27244,84,6,5,17,3,24,46,2,2,2,2,7,0,0,0,0,0,0,0,44,2,1,3,101,0
3,35876,13,66,2,40,4,3,14,1,3,1,3,6,0,0,0,0,0,0,0,40,2,0,2,129,0
2,40049,23,13,6,7,0,3,3,1,1,0,3,6,0,0,0,0,0,0,0,71,1,1,2,32,0
2,39660,36,139,13,78,20,13,36,3,7,1,3,9,0,0,0,0,0,0,1,41,1,1,2,299,1
2,50127,88,274,0,21,4,6,15,1,5,1,6,6,0,1,0,0,0,0,0,61,2,1,3,320,1
2,18929,15,32,0,8,23,4,18,1,1,0,4,6,0,0,0,0,0,0,0,33,2,0,2,85,0
0,24367,58,2,4,2,0,11,5,1,1,0,2,9,0,0,0,0,0,0,0,41,1,1,2,24,0
2,33249,11,6,10,21,19,14,42,2,2,1,3,6,0,0,0,0,0,0,0,48,1,1,2,112,0
1,26887,27,6,7,4,3,4,6,1,1,0,3,6,0,0,0,0,0,0,0,64,2,1,3,30,0
2,18227,21,1,2,7,4,3,11,1,0,1,2,8,0,0,0,0,0,0,0,36,2,1,3,28,0
2,69139,23,86,12,75,33,15,6,1,4,1,5,4,0,0,0,0,0,0,0,58,2,1,3,227,0
2,38136,69,8,15,27,0,20,33,2,3,1,2,8,1,0,0,0,0,0,0,45,2,1,3,103,1
3,33316,34,79,1,31,4,4,12,3,2,1,4,6,0,0,0,0,0,0,0,52,1,2,3,131,0
0,17256,10,6,4,14,8,8,22,2,2,1,2,8,1,0,0,0,0,0,0,31,2,1,3,62,1
1,59601,14,691,7,69,0,7,23,4,2,2,7,8,0,1,0,0,0,0,0,46,1,1,2,797,1
2,47025,52,254,7,108,20,0,26,3,6,3,5,6,0,0,0,0,0,0,0,47,1,1,2,415,0
2,37971,97,5,4,10,2,2,7,1,1,0,3,8,0,0,0,0,0,0,0,50,2,1,3,30,0
3,41335,24,112,19,21,16,14,5,3,4,1,4,7,0,0,0,0,0,0,0,55,1,1,2,187,0
2,67267,0,134,11,59,15,2,30,1,3,2,5,2,0,0,0,0,0,0,0,65,2,1,3,251,0
2,57338,96,143,6,52,11,8,17,2,4,1,5,5,0,0,0,0,0,0,0,48,1,1,2,237,0
1,50523,89,51,4,24,4,7,1,2,2,0,4,6,0,0,0,0,0,0,0,63,2,2,4,91,0
3,35791,94,27,0,5,0,0,3,2,1,0,3,8,0,0,0,0,0,0,0,58,1,3,4,35,0
4,50611,98,459,0,24,6,0,4,6,4,5,7,6,0,1,0,0,0,0,0,63,1,1,2,493,1
2,48904,1,283,10,38,0,13,27,4,7,2,4,8,0,0,0,0,0,0,0,63,1,1,2,371,0
2,56243,26,347,0,35,4,3,7,6,4,2,8,5,0,0,0,0,0,0,0,48,1,3,4,396,0
2,21355,5,5,13,14,0,5,31,2,2,1,2,6,1,0,0,0,0,0,1,38,2,1,3,68,2
3,57420,22,280,0,18,0,0,24,3,5,1,6,7,0,1,0,0,0,0,0,52,2,1,3,322,1
3,46390,56,95,14,64,2,9,38,1,4,2,3,7,0,0,0,0,0,0,0,68,1,1,2,222,0
1,54342,74,84,10,34,11,10,28,4,3,1,4,6,0,0,0,0,0,0,0,67,2,2,4,177,0
2,20895,24,18,3,17,3,0,4,1,2,0,3,9,0,0,0,0,0,0,0,50,2,1,3,45,0
1,26907,10,9,1,7,0,3,2,2,1,0,3,7,0,0,0,0,0,0,0,47,2,2,4,22,0
2,44964,35,19,1,17,2,0,2,1,1,0,3,8,0,0,0,0,0,0,0,43,2,2,4,41,0
2,22682,51,10,14,29,4,2,36,3,2,1,4,4,0,0,0,0,0,0,0,50,2,1,3,95,0
4,38887,17,25,1,13,0,0,3,1,1,0,3,7,0,0,0,0,0,0,0,51,2,1,3,42,0
1,41658,30,8,4,12,15,4,29,2,1,1,2,4,0,0,0,0,0,0,0,48,1,2,3,72,0
4,29791,21,14,0,6,0,0,0,2,2,0,3,5,0,0,0,0,0,0,0,51,2,1,3,20,0
3,63915,2,622,7,115,30,0,15,2,6,3,12,5,0,0,0,0,0,0,0,67,2,2,4,789,0
2,39996,85,11,0,3,0,0,1,1,1,0,2,6,0,0,0,0,0,0,0,49,1,2,3,15,0
2,26759,65,25,3,16,8,5,2,2,2,1,3,6,0,0,0,0,0,0,0,51,1,1,2,59,0
2,60544,92,201,2,43,3,5,35,4,5,1,5,6,0,0,0,0,0,0,0,62,2,2,4,289,0
2,65685,54,642,14,49,0,7,57,1,9,2,9,5,0,0,0,0,0,0,0,51,2,1,3,769,0
2,37716,4,97,1,41,6,2,41,2,4,1,3,7,0,0,0,0,0,0,0,70,2,1,3,188,0
3,44511,39,513,7,133,46,14,14,6,8,4,8,8,0,0,0,0,0,0,0,53,2,1,3,727,0
4,36947,49,88,3,21,4,1,29,4,3,0,4,9,0,0,0,0,0,0,0,56,2,2,4,146,0
3,47352,70,172,12,112,8,0,15,4,6,1,5,7,0,0,0,0,0,0,0,72,2,1,3,319,0
2,57045,40,296,13,104,11,13,17,3,4,2,9,3,0,0,0,0,0,0,0,73,2,1,3,454,0
4,36957,43,100,2,16,2,1,31,4,3,2,2,9,0,0,0,0,0,0,1,70,1,2,3,152,1
3,43142,84,5,1,7,2,1,4,1,1,0,2,7,0,0,0,0,0,0,0,54,2,2,4,20,0
0,22634,47,2,23,11,8,6,46,1,2,1,2,8,0,0,0,0,0,0,0,57,2,0,2,96,0
2,36026,34,20,4,10,6,4,17,2,2,0,3,6,0,0,0,0,0,0,0,51,2,3,5,61,0
2,24639,3,20,3,16,0,4,1,3,2,0,4,6,0,0,0,0,0,0,0,50,2,2,4,44,0
4,34578,1,7,0,1,0,0,0,1,1,0,2,6,0,0,0,0,0,0,0,51,2,3,5,8,0
4,54132,81,30,1,8,0,0,3,1,1,0,3,7,0,0,0,0,0,0,0,54,2,1,3,42,0
2,18690,77,6,1,7,23,4,19,1,1,1,2,8,0,0,0,0,0,0,0,64,2,0,2,60,0
2,28164,23,3,18,26,11,8,12,3,2,0,4,7,0,0,0,0,0,0,0,53,2,1,3,78,0
4,34596,48,14,0,2,0,0,7,1,1,0,2,8,0,0,0,0,0,0,0,49,2,1,3,23,0
4,43269,61,10,1,7,0,0,1,1,1,0,2,8,0,0,0,0,0,0,0,51,2,1,3,19,0
1,38741,60,7,10,17,8,6,13,2,2,0,3,7,0,0,0,0,0,0,0,65,1,2,3,61,0
3,27100,64,12,0,13,2,0,10,1,1,0,3,7,0,0,0,0,0,0,0,40,2,1,3,37,0
1,31163,54,2,3,10,11,2,10,1,1,0,3,6,0,0,0,0,0,0,0,50,1,1,2,38,0
2,34853,75,9,3,15,2,3,2,2,2,0,3,6,0,0,0,0,0,0,0,50,1,2,3,34,0
1,31086,79,16,2,11,3,0,16,2,1,1,2,8,1,0,0,0,0,0,0,44,2,2,4,48,1
2,60544,92,201,2,43,3,5,35,4,5,1,5,6,0,0,0,0,0,0,0,62,2,2,4,289,0
1,20491,16,5,4,5,4,2,10,1,0,1,2,7,0,0,0,0,0,0,0,37,2,0,2,30,0
2,42523,96,14,36,11,3,26,35,1,1,1,4,2,0,0,0,0,0,0,0,59,2,0,2,125,0
2,39922,30,29,12,59,19,1,36,2,3,0,4,8,0,0,0,0,0,0,0,40,2,1,3,156,0
2,33402,60,26,2,19,10,5,8,3,2,1,3,8,0,0,0,0,0,0,0,71,2,2,4,70,0
3,36408,11,9,1,4,3,2,3,1,1,0,2,6,0,0,0,0,0,0,0,74,2,2,4,22,0
2,21645,75,14,0,23,4,5,19,3,3,0,3,9,0,0,0,0,0,0,1,44,2,1,3,65,1
2,52852,93,714,8,99,11,0,47,4,10,7,5,8,1,0,0,0,0,0,0,66,2,1,3,879,1
2,46053,46,56,10,92,19,7,25,3,3,2,4,5,0,0,0,0,0,0,0,51,2,1,3,209,0
4,40304,82,37,0,17,0,0,3,1,2,0,3,7,0,0,0,0,0,0,0,56,1,1,2,57,0
2,43300,87,91,3,52,2,1,31,3,4,0,4,8,0,0,0,0,0,0,1,52,1,1,2,180,1
2,26290,49,15,8,16,11,5,22,4,2,0,4,6,0,0,0,0,0,0,0,51,2,2,4,77,0
3,64866,9,508,5,21,7,5,10,4,7,3,7,5,0,1,0,0,0,0,0,73,1,1,2,556,1
4,46015,25,38,0,2,0,0,6,1,1,0,3,7,1,0,0,0,1,0,0,68,2,2,4,46,2
2,16531,43,2,13,6,7,5,11,3,3,0,3,7,0,0,0,0,0,0,0,45,2,1,3,44,0
3,28072,10,30,0,10,2,0,5,1,1,0,3,7,0,0,0,0,0,0,0,37,2,1,3,47,0
2,50725,45,443,10,75,0,10,48,4,8,1,8,8,0,0,0,0,0,0,0,70,2,1,3,586,0
4,41145,20,9,0,3,0,0,1,1,0,0,3,3,0,0,0,0,0,0,0,73,2,2,4,13,0
1,23162,82,8,3,9,19,4,22,3,1,1,3,6,0,0,0,0,0,0,0,53,2,2,4,65,0
2,34380,68,72,7,58,13,1,24,4,4,1,3,8,0,0,0,0,0,0,0,46,2,1,3,175,0
2,34704,65,29,0,5,0,1,5,1,1,0,3,5,0,0,0,0,0,0,0,57,1,1,2,40,0
2,39898,20,69,8,26,12,7,12,2,3,0,4,7,0,0,0,0,0,0,0,69,2,1,3,134,0
4,59892,26,73,0,13,0,1,0,1,2,1,3,3,0,0,0,0,0,0,0,53,2,1,3,87,0
3,41020,68,112,1,54,7,7,36,1,3,2,4,3,0,0,0,0,0,0,0,36,1,0,1,217,0
4,57072,79,944,0,60,0,0,30,2,7,5,13,5,1,0,0,0,0,0,0,62,2,1,3,1034,1
1,19414,32,2,3,12,3,5,7,1,1,0,3,8,0,0,0,0,0,0,0,42,2,1,3,32,0
2,19107,49,2,4,9,10,5,16,2,1,0,3,7,0,0,0,0,0,0,0,43,2,1,3,46,0
3,49854,63,123,17,171,39,0,30,5,6,2,5,6,0,0,0,0,0,0,0,51,2,1,3,380,0
4,42873,11,209,0,40,3,2,15,4,6,1,4,8,0,0,0,0,0,0,0,73,1,2,3,269,0
2,35765,86,22,3,30,0,5,15,2,2,0,4,6,0,0,0,0,0,0,0,33,2,1,3,75,0
2,32952,36,38,0,12,3,1,1,1,2,0,3,7,0,0,0,0,0,0,0,46,1,1,2,55,0
4,53374,34,896,10,101,13,10,34,6,4,2,9,9,1,0,0,0,0,0,1,54,2,1,3,1064,2
1,31163,54,2,3,10,11,2,10,1,1,0,3,6,0,0,0,0,0,0,0,50,1,1,2,38,0
2,42014,56,244,15,108,4,15,50,6,7,1,6,8,0,0,0,0,0,0,1,46,2,1,3,436,1
3,63206,65,750,8,125,11,8,26,1,4,3,6,2,0,0,1,0,0,0,0,49,2,0,2,928,1
3,46098,86,57,0,27,0,0,36,4,3,2,2,8,0,0,0,0,0,0,0,48,1,2,3,120,0
1,20981,14,2,12,10,6,13,30,1,3,1,2,8,0,0,0,0,0,0,1,46,2,0,2,73,1
2,51766,74,60,51,87,6,20,51,2,4,2,4,5,0,0,0,0,0,0,0,43,1,1,2,275,0
2,33039,4,30,8,12,8,8,12,1,2,0,4,5,0,0,0,0,0,0,0,45,2,1,3,78,0
3,37787,50,40,1,40,4,3,18,1,3,0,3,8,0,0,0,0,0,0,0,51,2,1,3,106,0
2,27242,2,3,17,26,20,1,39,2,2,0,3,9,0,0,0,0,0,0,1,53,1,1,2,106,1
2,37697,82,34,6,21,11,4,8,1,2,1,3,6,0,0,0,0,0,0,0,47,1,1,2,84,0
4,37401,14,19,3,19,3,1,3,2,2,0,3,7,0,0,0,0,0,0,0,50,2,1,3,48,0
2,3502,56,2,1,1,0,0,1,0,0,0,0,14,0,0,0,0,0,0,0,50,1,1,2,5,0
2,28087,77,53,8,17,13,0,21,3,2,2,2,7,0,0,0,0,0,0,0,65,2,2,4,112,0
2,19740,65,7,11,3,10,4,20,2,1,1,3,5,0,0,0,0,0,0,0,63,2,1,3,55,0
1,53083,65,215,7,33,3,0,13,6,5,1,5,7,0,1,0,0,0,0,0,65,2,2,4,271,1
4,69283,41,674,62,134,0,26,8,4,7,3,13,5,0,0,0,0,0,0,0,48,2,1,3,904,0
3,46098,86,57,0,27,0,0,36,4,3,2,2,8,0,0,0,0,0,0,1,48,1,2,3,120,1
1,23331,92,5,36,7,0,10,45,2,3,0,3,8,0,0,0,0,0,0,0,35,2,1,3,103,0
1,23331,97,104,20,101,24,15,5,6,5,1,5,9,0,0,0,0,0,0,0,35,1,1,2,269,0
2,9255,91,9,0,7,2,0,4,1,1,1,2,8,0,0,0,0,0,0,0,34,1,1,2,22,0
4,71969,59,1000,0,76,0,0,10,3,3,4,9,8,0,1,0,0,0,0,0,52,2,1,3,1086,1
2,31928,5,33,4,24,4,2,5,2,3,0,4,7,0,0,0,0,0,0,0,34,2,1,3,72,0
4,51411,81,14,0,3,0,0,1,1,0,0,3,5,0,0,0,0,0,0,0,70,1,3,4,18,0
2,51983,95,631,0,115,10,7,30,3,9,2,10,7,0,0,0,0,0,0,0,59,1,1,2,793,0
3,42386,43,65,4,16,0,4,11,1,3,0,3,8,0,0,0,0,0,0,0,37,2,1,3,100,0
1,30390,5,10,12,12,25,1,20,1,2,0,3,6,0,0,0,0,0,0,0,36,2,0,2,80,0
2,30983,50,51,4,50,12,1,49,1,4,0,3,8,0,0,0,0,0,0,1,60,1,0,1,167,1
1,37284,46,11,1,2,2,1,6,1,0,0,3,6,0,0,0,0,0,0,0,48,2,2,4,23,0
3,57530,68,50,1,27,6,7,1,1,1,1,4,1,0,0,0,0,0,0,0,72,1,1,2,92,0
3,37054,89,12,1,6,0,1,5,2,1,0,3,7,0,0,0,0,0,0,0,56,2,2,4,25,0
2,31859,77,3,1,3,8,0,5,1,1,0,2,7,0,0,0,0,0,0,0,47,1,1,2,20,0
2,27215,50,30,5,22,8,9,28,4,2,1,4,6,0,0,0,0,0,0,0,62,1,3,4,102,0
2,39922,30,29,12,59,19,1,36,2,3,0,4,8,0,0,0,0,0,0,0,40,2,1,3,156,0
3,49681,66,411,0,26,0,0,21,6,7,1,7,7,0,0,0,0,0,0,0,47,2,2,4,458,0
2,24645,16,5,3,4,4,1,0,1,1,0,2,8,0,0,0,0,0,0,0,35,2,1,3,17,0
2,44322,30,46,0,40,3,0,3,2,3,0,3,8,0,0,0,0,0,0,0,38,2,1,3,92,0
2,47958,8,268,11,88,15,3,22,2,6,3,5,5,0,0,0,0,0,0,0,71,1,1,2,407,0
3,63972,93,928,63,254,0,12,12,4,5,4,10,4,0,1,0,0,0,0,0,59,1,1,2,1269,1
4,55517,53,483,0,108,0,6,36,5,11,1,6,9,0,0,0,0,0,0,1,73,2,2,4,633,1
2,38998,92,34,1,14,0,0,5,3,2,0,3,8,0,0,0,0,0,1,0,69,2,2,4,54,0
3,27161,41,7,4,23,7,0,11,1,1,0,3,7,0,0,0,0,0,0,0,37,2,1,3,52,0
2,42014,56,244,15,108,4,15,50,6,7,1,6,8,0,0,0,0,0,0,1,46,2,1,3,436,1
4,38201,19,233,0,23,0,0,12,4,5,1,5,8,0,0,0,0,0,0,0,63,2,1,3,268,0
2,45203,4,35,3,67,10,8,24,1,3,1,3,6,0,0,0,0,0,0,1,41,2,2,4,147,1
2,34935,71,34,4,66,3,10,20,1,2,1,4,7,0,0,0,0,0,0,0,31,2,0,2,137,0
3,60482,81,255,43,134,37,14,24,1,7,2,7,7,0,0,0,0,0,0,0,47,1,1,2,507,0
2,34633,31,8,1,5,0,0,1,1,1,0,2,6,0,0,0,0,0,0,0,67,2,3,5,15,0
3,45903,80,33,8,10,2,10,3,2,2,1,3,4,0,0,0,0,0,0,0,57,2,1,3,66,0
4,35860,37,15,0,8,4,2,20,2,1,1,2,5,1,0,0,0,0,0,1,50,1,2,3,49,2
3,40442,52,45,12,52,25,22,13,4,3,1,4,7,0,0,0,0,0,0,1,71,2,2,4,169,1
4,31497,22,108,1,28,13,1,4,2,3,1,4,8,0,0,0,0,0,0,0,61,2,1,3,155,0
0,13724,43,2,7,5,2,15,27,1,2,0,2,9,1,0,0,0,0,0,0,35,2,1,3,58,1
3,45143,74,202,5,74,11,5,14,3,6,1,5,7,0,0,0,0,0,0,0,58,2,1,3,311,0
4,52569,54,85,0,3,0,0,7,1,2,0,4,3,0,0,0,0,0,0,0,56,1,1,2,95,0
4,48432,3,322,3,50,4,3,42,5,7,1,6,8,0,0,0,0,0,0,1,50,1,1,2,424,1
3,17144,96,18,2,19,0,2,6,5,3,0,4,7,0,0,0,0,0,0,0,63,2,2,4,47,0
2,36108,68,141,8,129,3,11,47,3,7,1,4,9,1,0,0,0,0,0,0,39,1,1,2,339,1
4,36663,40,18,0,6,3,3,5,1,1,1,3,2,0,0,0,0,0,0,0,48,2,1,3,35,0
3,70638,69,1016,12,215,16,12,63,1,4,5,10,3,0,1,0,0,0,0,0,68,1,0,1,1334,1
2,44512,57,23,1,6,0,0,2,2,1,0,3,4,0,0,0,0,0,0,0,63,2,2,4,32,0
2,27116,78,12,1,21,2,2,3,2,2,0,3,7,0,0,0,0,0,0,0,62,2,2,4,41,0
4,54072,71,35,0,4,0,0,0,1,2,0,2,8,0,0,0,0,0,0,0,60,2,2,4,39,0
3,60432,61,365,3,15,4,3,11,5,7,2,5,6,0,0,0,0,0,0,0,50,2,1,3,401,0
4,65526,22,397,19,69,12,0,9,1,4,4,8,2,0,0,0,0,0,0,0,59,2,1,3,506,0
1,12393,38,5,6,15,11,7,13,1,2,0,3,9,0,0,0,0,0,0,0,45,2,0,2,57,0
2,33955,92,100,2,128,23,7,10,4,5,1,5,8,0,0,0,0,0,0,0,48,1,1,2,270,0
2,31353,24,10,0,10,3,1,7,2,1,1,2,8,0,0,0,0,0,0,1,46,2,2,4,31,1
2,28359,35,6,0,5,2,1,2,1,1,0,2,7,0,0,0,0,0,0,0,40,2,1,3,16,0
2,57100,9,158,11,99,15,11,17,2,3,2,7,3,0,0,0,0,0,0,0,36,1,1,2,311,0
2,69139,23,86,12,75,33,15,6,1,4,1,5,4,0,0,0,0,0,0,0,58,2,1,3,227,0
4,51717,55,98,1,17,0,1,5,1,3,0,4,7,0,1,0,0,0,0,0,58,2,1,3,122,1
2,18793,14,4,16,20,0,17,20,3,2,0,4,8,0,0,0,0,0,0,0,52,2,1,3,77,0
2,54414,49,109,18,16,24,26,18,4,3,1,5,4,0,0,0,0,0,0,0,60,2,2,4,211,0
4,54549,8,216,2,6,0,0,9,2,5,1,4,7,0,0,0,0,0,0,0,71,2,1,3,233,0
2,19444,8,16,0,23,3,2,10,3,4,1,2,7,0,0,0,0,0,0,1,41,2,1,3,54,1
1,36301,53,11,12,35,3,5,12,1,3,0,3,7,0,0,0,0,0,0,0,47,2,1,3,78,0
4,42731,64,159,2,51,6,2,24,3,4,1,5,5,0,0,0,0,0,0,0,54,2,1,3,244,0
4,52854,43,105,0,10,0,1,0,2,2,1,4,5,0,0,0,0,0,0,0,64,2,2,4,116,0
2,22775,40,5,1,8,0,0,1,1,1,0,2,8,0,0,0,0,0,0,0,45,2,1,3,15,0
4,46681,52,269,15,69,15,19,38,2,4,6,4,5,0,0,0,0,0,0,0,75,2,2,4,425,0
4,59821,11,629,0,70,0,0,35,6,11,2,7,8,0,0,0,0,0,0,0,68,2,1,3,734,0
2,44078,17,24,1,10,2,0,4,2,2,0,3,5,0,0,0,0,0,0,0,54,2,2,4,41,0
3,30560,6,9,1,5,4,5,7,1,1,0,3,7,0,0,0,0,0,0,0,47,2,1,3,31,0
3,35924,56,8,0,14,2,3,7,1,1,0,3,5,0,0,0,0,0,0,0,54,2,2,4,34,0
0,24594,94,1,3,6,10,0,9,1,1,0,3,5,0,0,0,0,0,0,0,44,2,1,3,29,0
3,39228,1,7,1,6,0,3,3,1,0,0,3,4,0,0,0,0,0,0,0,63,1,0,1,20,0
3,58494,56,298,7,68,4,0,19,2,6,2,6,6,0,0,0,0,0,0,0,49,2,1,3,396,0
4,56551,48,67,4,32,17,2,16,3,2,1,4,4,0,0,0,0,0,0,0,73,1,2,3,138,0
2,22448,86,3,1,8,23,2,18,3,2,1,3,3,0,0,0,0,0,0,0,41,2,1,3,55,0
2,34213,2,50,4,28,6,3,26,3,3,1,2,9,0,0,0,0,0,0,1,60,1,2,3,117,1
4,25358,57,19,0,5,0,0,8,2,1,0,3,6,0,0,0,0,0,0,0,76,1,1,2,32,0
3,35544,77,30,5,23,4,1,4,1,2,0,3,7,0,0,0,0,0,0,0,45,1,1,2,67,0
3,36634,0,213,9,76,4,3,30,3,5,2,5,7,0,0,0,0,0,0,0,69,2,1,3,335,0
2,34916,89,51,23,82,33,0,42,4,5,1,3,9,0,0,0,0,0,0,0,55,2,2,4,231,0
2,64892,77,527,24,230,32,24,65,2,6,4,12,4,0,0,0,0,0,0,0,47,1,1,2,902,0
2,43602,45,19,5,12,10,3,19,3,3,1,2,6,0,0,0,0,0,0,0,57,1,2,3,68,0
4,33996,46,40,2,15,8,0,6,1,1,1,3,4,0,0,0,0,0,0,0,34,1,0,1,71,0
1,41473,80,21,8,20,15,3,9,1,2,0,3,7,0,0,0,0,0,0,0,38,1,1,2,76,0
4,63246,60,593,30,91,29,22,7,1,6,3,12,4,0,0,0,0,0,0,0,56,2,2,4,772,0
4,36732,71,21,5,3,10,1,7,3,1,1,4,2,0,0,0,0,0,0,0,64,2,2,4,47,0
4,37929,49,202,2,46,3,2,10,2,4,2,5,7,0,1,0,1,0,0,1,38,1,0,1,265,3
1,20193,18,8,8,22,24,11,9,1,1,1,4,4,0,0,0,0,0,0,0,32,2,0,2,82,0
2,27573,45,50,15,110,39,15,15,4,5,1,4,8,0,0,0,0,0,0,0,48,2,1,3,244,0
0,15862,26,1,1,4,11,9,10,1,1,0,3,8,0,0,0,0,0,0,0,44,1,1,2,36,0
4,49544,0,308,0,73,0,0,23,2,5,1,8,7,0,0,0,0,0,0,0,47,2,1,3,404,0
2,33228,28,22,2,31,7,4,5,1,2,0,3,7,0,0,0,0,0,0,0,43,2,1,3,71,0
2,38232,84,43,5,28,7,6,33,4,3,1,3,5,0,0,0,0,0,0,0,52,2,2,4,122,0
4,22554,38,27,0,10,0,0,4,4,2,0,4,5,0,0,0,0,0,0,0,68,2,2,4,41,0
4,23536,53,6,0,3,0,0,1,1,0,0,3,3,0,0,0,0,0,0,0,40,2,1,3,10,0
2,49413,88,205,7,41,3,2,46,2,4,2,5,5,0,0,0,0,0,0,0,71,2,1,3,304,0
2,42231,99,24,0,8,0,1,4,1,1,0,3,5,0,0,0,0,0,0,0,54,2,2,4,37,0
2,56534,35,691,7,61,10,0,46,4,10,4,7,8,0,1,0,0,1,0,1,55,2,1,3,815,3
4,18169,40,9,0,5,0,0,7,1,1,0,2,8,0,0,0,0,0,0,0,38,2,1,3,21,0
1,24336,82,1,6,2,8,2,12,1,1,0,2,7,0,0,0,0,0,0,0,42,1,1,2,31,0
2,18222,70,12,4,19,12,6,14,1,2,0,3,8,0,0,0,0,0,0,0,33,2,0,2,67,0
1,42033,95,11,1,4,2,0,7,1,1,0,2,7,0,0,0,0,0,0,0,52,2,2,4,25,0
4,86580,72,532,21,127,26,20,20,0,4,2,5,1,0,0,1,0,0,0,0,40,2,0,2,746,1
4,41437,5,29,0,2,0,0,1,1,1,0,3,7,0,0,0,0,0,0,0,66,1,2,3,32,0
3,38452,62,56,0,14,0,0,2,3,3,0,3,7,0,0,0,0,0,0,0,68,2,2,4,72,0
2,18358,49,6,8,19,16,4,4,3,3,0,4,7,0,0,0,0,0,0,0,34,1,1,2,57,0
4,55012,85,582,0,65,0,0,13,6,8,2,9,5,0,0,0,0,0,0,0,50,2,1,3,660,0
0,9722,7,6,17,16,6,16,42,4,3,1,3,8,0,0,0,0,0,0,1,50,2,1,3,103,1
4,38175,6,70,6,69,2,3,3,3,3,1,4,7,0,0,0,0,0,0,0,39,2,1,3,153,0
3,58656,25,962,12,194,16,24,12,4,7,8,13,6,0,0,1,0,0,0,0,67,2,1,3,1220,1
2,52117,55,112,10,107,30,0,20,2,5,2,4,7,0,0,0,0,0,0,0,58,2,1,3,279,0
4,54222,98,199,12,31,3,12,7,1,3,3,5,3,0,0,0,0,0,0,0,50,2,1,3,264,0
2,41154,98,44,2,11,2,3,7,1,1,0,4,5,0,0,0,0,0,0,0,45,2,1,3,69,0
0,18746,41,2,10,11,12,9,20,2,3,0,3,6,0,0,0,0,0,0,0,31,1,1,2,64,0
2,22108,46,5,3,9,6,2,6,2,2,0,3,7,0,0,0,0,0,0,0,46,2,2,4,31,0
2,44392,71,87,5,71,7,12,29,5,4,1,4,7,0,0,0,0,0,0,0,49,2,2,4,211,0
2,17688,82,2,2,1,3,1,2,1,1,0,2,8,0,0,0,0,0,1,0,44,2,1,3,11,0
4,38513,20,172,3,115,16,0,18,5,6,1,5,8,0,0,0,0,0,0,1,41,1,1,2,324,1
3,16653,10,5,7,31,15,4,7,3,2,1,3,6,0,0,0,0,0,0,1,44,1,1,2,69,1
2,42586,7,194,2,56,0,0,0,5,4,1,6,8,0,0,0,0,0,0,1,68,2,2,4,252,1
0,23529,67,9,7,13,3,2,20,1,1,1,2,6,0,0,0,0,0,0,0,58,1,1,2,54,0
4,46910,36,48,0,14,0,0,6,2,2,0,3,6,0,0,0,0,0,0,0,59,2,2,4,68,0
2,18690,77,6,1,7,23,4,19,1,1,1,2,8,0,0,0,0,0,0,0,64,2,0,2,60,0
2,37244,90,18,2,10,0,0,25,1,1,1,2,7,1,0,0,0,0,0,0,68,1,2,3,55,1
2,54984,51,173,13,131,32,3,6,4,6,1,6,7,0,0,0,1,0,0,0,64,2,1,3,358,1
4,42403,18,22,1,11,0,5,3,1,1,0,3,8,0,0,0,0,0,0,0,52,2,1,3,42,0
2,55761,97,136,1,12,0,3,32,2,4,1,3,6,0,1,0,0,0,0,0,59,2,1,3,184,1
2,37292,32,275,0,86,10,23,66,5,6,3,5,8,0,0,0,0,0,0,0,40,2,1,3,460,0
4,45576,9,56,19,29,2,14,25,1,3,1,3,8,0,0,0,0,0,0,1,78,1,0,1,145,1
4,58086,80,708,7,62,0,0,15,2,11,3,7,8,0,0,0,0,0,0,0,54,1,1,2,792,0
0,28389,49,1,5,3,7,4,8,1,1,0,2,7,0,0,0,0,0,0,0,76,2,0,2,28,0
4,63342,48,918,21,118,13,10,21,3,8,3,5,6,0,1,0,0,0,0,1,62,2,1,3,1101,2
1,31859,3,3,4,7,15,8,11,1,1,0,3,7,0,0,0,0,0,0,0,43,1,1,2,48,0
4,51569,39,380,0,47,6,0,34,4,7,1,7,8,0,1,0,0,0,0,1,74,1,1,2,467,2
2,30372,33,15,0,12,7,3,7,3,2,0,3,7,0,0,0,0,0,0,0,52,1,2,3,44,0
0,16014,42,3,9,4,7,8,7,4,1,1,4,3,0,0,0,0,0,0,0,44,1,2,3,38,0
2,41120,80,24,2,23,0,8,24,3,2,1,3,6,0,0,0,0,0,0,0,55,2,2,4,81,0
3,39763,9,80,1,60,4,6,16,2,5,1,2,9,0,0,0,0,0,0,1,52,1,1,2,167,1
4,38725,52,31,0,6,2,1,5,2,1,0,4,4,0,0,0,0,0,0,0,68,2,2,4,45,0
1,13533,45,12,3,8,8,0,17,2,2,0,3,7,0,0,0,0,0,0,0,44,1,1,2,48,0
1,21955,81,5,1,7,17,14,11,2,2,1,3,6,0,0,0,0,0,0,0,37,2,1,3,55,0
4,36802,23,16,1,2,0,0,1,1,1,0,3,5,0,0,0,0,0,0,0,43,1,1,2,20,0
0,28249,80,1,9,7,2,14,10,1,2,0,3,6,0,0,0,0,0,0,0,62,2,0,2,43,0
4,25509,15,40,3,30,10,7,11,3,3,0,3,9,0,0,0,0,0,0,1,49,1,1,2,101,1
4,51012,86,102,9,63,2,9,24,1,4,1,4,6,0,0,0,0,0,0,0,77,2,0,2,209,0
2,42664,44,21,0,3,0,0,0,1,1,0,3,6,0,0,0,0,0,0,0,56,2,1,3,24,0
2,42586,7,194,2,56,0,0,0,5,4,1,6,8,0,0,0,0,0,0,1,68,2,2,4,252,1
2,29760,87,64,4,68,7,5,17,4,3,1,4,8,0,0,0,0,0,0,0,38,1,1,2,165,0
4,28973,59,206,0,46,3,2,12,2,5,1,5,8,0,0,0,0,0,0,0,46,2,0,2,269,0
4,39435,16,71,0,18,0,0,13,1,3,1,2,7,0,0,0,0,0,0,0,50,2,1,3,102,0
0,20194,64,0,4,7,11,10,15,2,2,0,3,6,0,0,0,0,0,0,0,44,1,1,2,47,0
4,42473,72,93,1,21,0,4,25,3,2,1,4,5,0,0,0,0,0,0,0,47,1,2,3,144,0
2,71232,91,653,17,170,34,26,17,2,11,2,10,7,0,0,0,0,0,0,0,64,2,1,3,917,0
2,34600,8,199,33,60,8,3,15,5,5,2,5,8,0,0,0,0,0,0,1,52,2,2,4,318,1
2,46904,20,153,4,56,0,9,31,4,5,1,4,8,0,0,0,0,0,0,0,56,1,2,3,253,0
2,49094,6,376,0,38,11,8,69,5,6,3,6,6,0,0,0,0,0,0,0,50,2,1,3,502,0
2,36075,54,46,0,30,12,1,30,1,2,0,4,6,0,0,0,0,0,0,0,40,2,1,3,119,0
2,34026,11,18,6,15,12,8,17,3,2,1,3,5,0,0,0,0,0,0,0,73,2,2,4,76,0
4,48918,21,52,0,9,0,0,1,2,1,0,4,4,0,0,0,0,0,0,0,60,1,2,3,62,0
2,37697,82,34,6,21,11,4,8,1,2,1,3,6,0,0,0,0,0,0,0,47,1,1,2,84,0
2,34074,69,135,1,41,10,1,67,5,3,3,3,6,1,0,0,0,0,0,0,71,2,2,4,255,1
3,28520,55,11,0,10,0,2,20,1,1,1,2,6,0,0,0,0,0,0,0,63,2,2,4,43,0
3,36273,80,29,3,30,3,2,9,2,3,0,3,6,0,0,0,0,0,0,0,46,1,1,2,76,0
3,59385,85,135,0,10,0,4,36,2,3,1,4,5,0,0,0,0,0,0,0,72,2,2,4,185,0
2,44689,82,18,0,5,0,0,11,2,1,1,2,7,1,0,0,0,0,0,0,72,2,2,4,34,1
2,18701,95,12,4,2,10,6,10,4,2,0,4,5,0,0,0,0,0,0,0,59,1,2,3,44,0
2,37758,49,27,2,10,0,0,1,2,1,0,3,8,0,0,0,0,0,0,0,57,2,2,4,40,0
4,21840,80,17,0,9,0,0,1,1,1,0,3,9,0,0,0,0,0,0,0,40,2,1,3,27,0
2,50387,91,369,9,87,12,14,34,3,6,2,8,5,0,0,0,0,0,0,0,67,2,2,4,525,0
4,32583,10,5,0,3,0,0,1,1,1,0,2,7,0,0,0,0,0,0,0,62,2,2,4,9,0
3,44635,25,56,0,9,0,0,3,2,2,0,3,7,0,0,0,0,0,0,0,52,1,2,3,68,0
3,33316,34,79,1,31,4,4,12,3,2,1,4,6,0,0,0,0,0,0,0,52,1,2,3,131,0
2,25293,51,15,0,11,0,2,9,1,1,1,2,8,0,0,0,0,0,0,0,54,2,1,3,37,0
4,54111,97,267,6,54,8,3,50,2,5,2,6,5,0,0,0,0,0,0,0,58,1,1,2,388,0
3,22669,30,16,14,36,37,22,48,3,4,1,2,9,0,0,0,0,0,0,1,48,2,1,3,173,1
2,29236,30,37,4,24,16,9,9,2,4,0,3,9,0,0,0,0,0,0,0,36,1,1,2,99,0
2,44911,11,159,0,22,2,1,31,3,4,1,4,7,0,0,0,0,0,0,0,64,2,1,3,215,0
2,48186,39,97,3,66,12,7,34,3,4,1,4,7,0,0,0,0,0,0,0,49,2,1,3,219,0
2,54809,0,63,6,57,13,13,22,4,2,1,5,4,0,0,0,0,0,0,1,46,2,2,4,174,1
2,41580,15,56,5,24,4,0,3,3,2,1,3,5,0,0,0,0,0,0,0,45,2,2,4,92,0
2,47743,56,198,2,43,0,12,20,3,4,1,6,6,0,1,0,0,0,0,0,66,2,1,3,275,1
4,32313,60,86,4,56,2,4,7,3,4,0,4,9,0,0,0,0,0,0,0,41,2,1,3,159,0
3,27071,90,8,3,19,0,2,3,2,2,0,3,6,0,0,0,0,0,0,0,55,1,1,2,35,0
3,65735,37,239,7,119,4,15,11,5,6,2,6,7,0,0,0,0,0,0,0,58,2,2,4,395,0
2,30093,19,2,6,28,13,4,16,1,2,0,3,7,0,0,0,0,0,0,0,33,2,0,2,69,0
4,57705,14,383,0,53,6,4,40,3,8,1,6,6,0,0,0,0,0,0,0,57,2,1,3,486,0
2,25008,72,2,8,8,6,1,9,2,1,0,3,8,0,0,0,0,0,0,0,35,1,1,2,34,0
2,22280,85,2,1,4,3,1,2,1,1,0,2,8,0,0,0,0,0,0,0,48,2,1,3,13,0
3,74290,70,1121,0,72,0,12,12,4,10,8,10,6,0,1,0,1,0,0,0,52,1,1,2,1217,2
3,58217,84,68,1,13,3,5,13,1,2,0,4,6,0,0,0,0,0,0,0,72,1,3,4,103,0
3,21024,89,36,4,18,6,2,18,1,2,0,4,7,0,0,0,0,0,0,0,47,2,0,2,84,0
1,11448,16,0,0,0,6,2,6,1,1,0,2,6,0,0,0,0,0,0,0,48,1,0,1,14,0
3,32889,78,28,0,13,4,2,8,3,2,1,3,5,0,0,0,0,0,0,0,55,2,2,4,55,0
2,34738,51,3,2,10,3,0,2,1,1,0,3,6,0,0,0,0,0,0,0,39,1,1,2,20,0
3,30538,27,284,0,52,8,3,20,4,9,0,4,10,0,0,0,0,0,0,0,52,2,1,3,367,0
4,26642,71,13,2,15,2,2,8,2,2,0,3,6,0,0,0,0,0,0,0,56,1,1,2,42,0
2,44503,83,31,1,8,0,0,8,2,2,0,3,6,0,0,0,0,0,0,0,51,1,2,3,48,0
4,60200,3,502,19,132,0,6,26,6,6,2,11,6,0,0,0,0,0,0,0,75,1,1,2,685,0
2,49638,71,18,10,3,3,5,0,1,1,0,3,2,0,0,0,0,0,0,0,71,1,1,2,39,0
1,23830,3,1,8,6,4,8,16,1,1,0,3,7,0,0,0,0,0,0,0,36,1,0,1,43,0
4,30396,22,15,0,6,0,1,12,2,1,1,2,7,1,0,0,0,0,0,1,54,2,1,3,34,2
4,50616,56,128,0,16,0,1,4,2,4,0,4,7,0,0,0,0,0,0,0,55,1,1,2,149,0
4,30298,48,6,3,12,6,1,0,1,1,1,3,3,0,0,0,0,0,0,0,38,1,0,1,28,0
4,44155,24,22,1,9,0,0,14,1,1,1,2,4,0,0,0,0,0,0,0,66,2,2,4,46,0
2,31158,62,25,6,16,20,0,5,2,2,0,3,8,0,0,0,0,0,0,0,38,2,1,3,72,0
2,49160,29,122,21,43,25,10,15,2,3,1,6,6,0,0,0,0,0,0,0,74,1,1,2,236,0
0,24882,52,1,4,10,29,0,36,1,1,1,2,6,1,0,0,0,0,0,0,45,2,1,3,80,1
4,59292,71,378,14,68,19,14,14,2,3,5,8,3,0,0,0,0,0,0,0,73,2,1,3,507,0
4,45759,13,42,1,18,3,0,4,2,2,0,3,7,0,0,0,0,0,0,0,59,2,2,4,68,0
2,22148,16,15,5,14,0,4,11,1,1,0,3,7,0,0,0,0,0,0,0,40,1,0,1,49,0
3,73395,94,272,7,80,20,7,11,1,4,4,6,2,0,0,0,0,0,0,0,36,2,0,2,397,0
2,29819,77,9,1,24,2,1,2,3,3,0,3,6,0,0,0,0,0,0,0,52,1,1,2,39,0
2,45688,20,279,0,18,0,0,9,2,3,1,8,4,0,1,0,0,0,0,0,55,2,1,3,306,1
2,33235,71,45,0,16,2,1,6,1,3,0,3,7,0,0,0,0,0,0,0,37,2,1,3,70,0
2,35701,36,21,1,9,7,3,5,1,1,0,3,6,0,0,0,0,0,0,0,64,2,0,2,46,0
3,31535,95,15,4,13,0,0,19,1,1,1,2,7,1,0,0,0,0,0,0,43,2,1,3,51,1
2,18929,15,32,0,8,23,4,18,1,1,0,4,6,0,0,0,0,0,0,0,33,2,0,2,85,0
4,36038,82,23,0,15,0,2,7,2,3,0,3,6,0,0,0,0,0,0,0,42,1,1,2,47,0
2,20180,27,18,42,24,15,20,18,1,2,1,4,7,0,0,0,0,0,0,0,47,1,0,1,137,0
4,34230,72,15,0,4,0,0,2,1,1,0,2,7,0,0,0,0,0,0,0,58,2,2,4,21,0
1,31878,7,23,4,5,10,5,23,1,1,0,4,3,0,0,0,0,0,0,0,46,1,1,2,70,0
3,22701,2,2,4,9,0,4,5,1,1,0,3,5,0,0,0,0,0,0,0,46,2,1,3,24,0
4,55212,65,1103,0,45,0,0,34,3,4,2,11,8,0,1,0,0,1,0,0,54,2,1,3,1182,2
4,61917,83,46,4,36,2,2,1,1,2,0,4,5,0,0,0,0,0,0,0,49,2,2,4,91,0
4,67472,93,162,31,127,8,17,69,2,4,2,7,3,0,0,0,0,0,0,0,76,2,1,3,414,0
3,21059,40,8,3,19,3,3,8,3,3,0,3,6,0,0,0,0,0,0,0,41,2,1,3,44,0
3,29543,47,17,3,18,3,4,18,2,3,1,2,7,0,0,0,0,0,0,0,55,2,2,4,63,0
1,34984,40,8,4,15,3,5,3,2,1,0,3,7,0,0,0,0,0,0,0,48,2,2,4,38,0
4,54356,62,710,15,30,20,0,0,3,11,2,8,8,0,0,0,0,0,0,1,74,1,1,2,775,1
3,34242,25,8,2,4,0,0,1,1,0,0,3,5,0,0,0,0,0,0,0,64,2,1,3,15,0
2,25410,48,2,2,4,13,13,4,1,1,0,4,4,0,0,0,0,0,0,0,50,2,1,3,38,0
2,28320,68,19,1,14,3,2,4,1,1,0,3,8,0,0,0,0,0,0,0,73,2,1,3,43,0
2,23763,64,22,0,6,6,2,6,1,1,0,3,7,0,0,0,0,0,0,0,46,1,1,2,42,0
3,34529,94,68,6,38,3,6,41,2,2,2,3,7,0,0,0,0,0,0,0,47,2,1,3,162,0
2,36065,54,18,7,34,10,2,3,3,3,0,3,8,0,0,0,0,0,0,0,55,1,2,3,74,0
2,39898,20,69,8,26,12,7,12,2,3,0,4,7,0,0,0,0,0,0,0,69,2,1,3,134,0
4,61798,13,338,4,89,11,8,13,1,4,2,9,4,0,0,0,0,0,0,0,59,1,0,1,463,0
2,29478,59,8,0,7,3,1,1,1,1,0,3,6,0,0,0,0,0,0,0,47,2,1,3,20,0
2,46998,55,172,41,86,45,6,27,5,5,3,5,7,1,0,0,0,0,0,0,67,1,1,2,377,1
4,56551,48,67,4,32,17,2,16,3,2,1,4,4,0,0,0,0,0,0,0,73,1,2,3,138,0
2,44359,19,20,0,14,7,3,1,3,2,0,4,3,0,0,0,0,0,0,0,45,2,2,4,45,0
2,40887,32,50,4,44,10,10,43,3,3,1,3,9,0,0,0,0,0,0,1,71,1,2,3,161,1
2,48877,27,102,1,15,2,0,24,1,3,0,4,7,0,0,0,0,0,0,0,57,1,1,2,144,0
2,39062,28,23,0,9,0,0,12,1,1,0,3,4,1,0,0,0,0,0,0,40,1,1,2,44,1
2,34600,8,199,33,60,8,3,15,5,5,2,5,8,0,0,0,0,0,0,1,52,2,2,4,318,1
2,40794,18,261,23,73,4,23,50,2,6,3,5,7,0,0,0,0,0,0,0,48,2,1,3,434,0
1,54690,76,111,16,37,7,9,18,3,3,1,5,3,0,0,0,0,0,0,0,52,2,2,4,198,0
4,38236,2,58,0,18,2,0,10,4,3,0,4,7,0,0,0,0,0,0,0,55,1,2,3,88,0
2,36781,16,29,1,17,0,3,13,1,2,1,2,8,0,0,0,0,0,0,1,44,2,1,3,63,1
3,31385,56,3,2,12,0,1,9,1,1,0,2,8,1,0,0,0,0,0,1,39,1,1,2,27,2
2,24570,97,28,34,62,11,14,44,3,4,0,4,9,0,0,0,0,0,0,0,39,2,1,3,193,0
4,25509,15,40,3,30,10,7,11,3,3,0,3,9,0,0,0,0,0,0,1,49,1,1,2,101,1
3,58646,3,62,1,44,6,5,22,1,2,1,4,4,0,0,0,0,0,0,0,61,2,1,3,140,0
2,21994,4,9,0,6,3,1,3,1,0,0,3,5,0,0,0,0,0,0,0,66,2,1,3,22,0
2,57113,45,182,4,33,0,2,42,6,4,1,5,7,0,0,0,0,0,0,0,45,2,2,4,263,0
2,23477,39,38,15,54,3,8,29,3,3,0,4,8,0,0,0,0,0,0,0,37,2,1,3,147,0
2,58116,38,228,19,130,4,11,51,2,3,3,8,2,0,0,0,0,0,0,0,67,2,1,3,443,0
3,39791,89,85,15,27,13,13,21,2,3,1,4,7,0,0,0,0,0,0,0,52,2,1,3,174,0
2,13672,86,6,2,9,2,1,5,2,1,0,3,8,0,0,0,0,0,0,0,63,2,2,4,25,0
4,32644,38,239,3,141,0,7,23,4,7,1,6,8,1,0,0,0,0,0,0,50,2,1,3,413,1
2,24206,66,7,2,8,3,2,3,1,1,0,3,6,0,0,0,0,0,0,0,53,1,1,2,25,0
4,28420,36,4,2,5,2,0,0,1,1,0,2,6,0,0,0,0,0,0,0,56,1,1,2,13,0
2,22979,29,16,17,19,20,21,22,3,3,2,2,8,0,0,0,0,0,0,1,53,2,1,3,115,1
2,33279,29,10,3,3,0,0,0,1,0,0,3,3,0,0,0,0,0,0,0,57,1,0,1,16,0
3,46423,6,68,0,16,0,0,8,3,2,0,4,7,0,0,0,0,0,0,0,51,1,2,3,92,0
2,30368,97,35,0,13,2,0,2,2,2,0,3,8,0,0,0,0,0,0,0,46,2,1,3,52,0
4,68805,73,182,2,49,17,13,20,1,3,1,7,2,0,0,0,0,0,0,0,64,1,1,2,283,0
4,65814,90,561,14,113,10,14,35,3,8,2,10,5,0,0,0,0,0,0,0,57,2,1,3,747,0
2,39146,1,94,1,33,13,12,12,3,4,0,4,8,0,0,0,0,0,0,0,37,1,1,2,165,0
1,37284,46,11,1,2,2,1,6,1,0,0,3,6,0,0,0,0,0,0,0,48,2,2,4,23,0
2,36790,14,3,3,14,15,21,10,1,2,1,2,9,0,0,0,0,0,0,1,40,2,0,2,66,1
2,27943,89,12,1,16,4,1,3,3,2,0,3,8,0,0,0,0,0,0,0,56,2,2,4,37,0
2,22263,31,17,0,2,0,0,2,2,1,0,3,6,0,0,0,0,0,1,0,72,1,2,3,21,0
2,30261,75,8,0,5,0,3,6,1,0,0,3,8,0,0,0,0,0,0,0,51,2,3,5,22,0
2,28587,42,22,4,17,12,10,13,3,2,0,4,6,0,0,0,0,0,0,0,45,2,1,3,78,0
3,43815,53,14,10,29,4,7,15,1,2,0,3,6,0,0,0,0,0,0,0,41,2,1,3,79,0
3,77027,23,820,57,242,45,0,11,2,8,3,6,4,0,0,0,0,0,0,0,71,2,1,3,1175,0
3,32765,49,13,3,17,7,3,3,2,2,0,4,5,0,0,0,0,0,0,0,44,2,1,3,46,0
2,29672,6,9,1,3,0,4,8,1,0,0,3,6,0,0,0,0,0,0,0,58,2,2,4,25,0
2,23272,29,19,3,6,4,2,12,1,1,0,3,4,0,0,0,0,0,0,0,70,1,0,1,46,0
1,7500,98,5,17,17,13,14,34,4,2,1,3,9,0,0,0,0,0,0,0,38,2,1,3,100,0
4,68117,80,618,44,215,0,17,36,2,11,8,4,6,1,0,0,0,0,0,1,76,1,1,2,930,2
2,17649,70,15,1,23,0,5,1,3,3,0,3,8,0,0,0,0,0,0,0,47,2,1,3,45,0
2,60905,27,208,17,76,36,17,38,2,3,3,7,2,0,0,0,0,0,0,0,73,2,1,3,392,0
2,38680,97,11,0,36,15,5,12,1,2,0,3,7,0,0,0,0,0,0,0,39,2,1,3,79,0
2,29009,19,6,6,15,10,5,2,2,2,0,3,6,0,0,0,0,0,0,0,42,2,1,3,44,0
3,45057,80,37,0,7,3,0,3,1,2,0,3,5,0,0,0,0,0,0,0,44,2,1,3,50,0
2,43020,79,45,7,99,4,25,43,3,4,1,4,6,0,0,0,0,0,0,0,53,1,1,2,223,0
2,53154,50,129,0,21,0,1,7,1,3,1,4,4,0,0,0,0,0,0,0,64,2,1,3,158,0
2,32871,28,22,2,12,0,2,5,1,1,0,3,4,0,0,0,0,0,0,0,72,2,2,4,43,0
3,36927,46,51,0,16,0,0,4,2,3,0,3,8,0,0,0,0,0,0,0,68,1,2,3,71,0
2,48794,97,25,0,11,3,0,15,1,1,0,3,4,0,0,0,0,0,0,0,70,2,2,4,54,0
2,23478,51,28,6,27,12,17,39,1,3,0,3,8,0,0,0,0,0,0,0,58,1,0,1,129,0
2,38361,74,39,0,56,20,8,14,3,3,1,3,7,0,0,0,0,0,0,0,54,2,1,3,137,0
2,42554,93,29,1,11,0,0,0,2,2,0,3,4,0,0,0,0,0,0,0,45,2,2,4,41,0
2,42192,40,40,15,15,17,6,7,1,2,1,3,4,0,0,0,0,0,0,0,75,2,0,2,100,0
2,31761,96,19,1,20,16,14,28,2,3,0,4,5,0,0,0,0,0,0,0,39,2,1,3,98,0
2,34350,81,16,3,15,2,1,11,1,1,0,3,7,0,0,0,0,0,0,0,44,2,1,3,48,0
2,54591,63,376,4,94,12,9,24,3,6,2,8,5,0,0,0,0,0,0,0,74,2,1,3,519,0
2,25293,51,15,0,11,0,2,9,1,1,1,2,8,0,0,0,0,0,0,0,54,2,1,3,37,0
3,27889,42,14,0,4,0,0,8,1,1,1,2,6,0,0,0,0,0,0,0,46,2,1,3,26,0
0,22123,77,3,3,24,34,7,31,1,2,1,3,5,0,0,0,0,0,0,0,63,1,0,1,102,0
2,27803,40,8,26,46,38,9,49,2,3,0,4,8,0,0,0,0,0,0,0,50,2,1,3,176,0
2,30828,16,16,11,15,2,0,12,2,1,1,4,3,0,0,0,0,0,0,0,43,1,1,2,56,0
3,34109,39,9,1,5,2,1,4,1,0,0,3,4,0,0,0,0,0,0,0,52,2,1,3,22,0
0,22390,49,0,1,4,15,1,5,1,1,0,2,7,0,0,0,0,0,0,0,54,2,0,2,26,0
2,71322,31,121,24,124,24,15,42,1,4,1,7,2,0,0,0,0,0,0,0,47,2,1,3,350,0
4,48699,90,26,1,10,2,0,1,1,1,0,3,5,0,0,0,0,0,0,0,73,2,2,4,40,0
2,54252,25,178,4,26,8,4,44,5,4,1,5,6,0,0,0,0,0,0,0,67,1,2,3,264,0
3,53204,40,29,0,8,2,0,6,1,1,0,3,4,0,0,0,0,0,0,0,47,2,2,4,45,0
1,14796,1,13,3,8,7,4,16,2,1,0,3,9,0,0,0,0,0,0,1,39,2,1,3,51,1
4,78128,89,934,24,230,16,24,36,2,8,4,6,3,0,1,1,0,0,0,0,49,2,1,3,1264,2
0,14188,40,2,7,11,16,12,27,1,2,0,4,6,0,0,0,0,0,0,0,51,2,0,2,75,0
0,20425,5,4,12,5,3,16,17,2,2,0,3,7,0,0,0,0,0,0,0,37,2,1,3,57,0
3,58646,3,62,1,44,6,5,22,1,2,1,4,4,0,0,0,0,0,0,0,61,2,1,3,140,0
3,48150,24,173,2,39,3,2,47,3,5,1,4,7,0,0,0,0,0,0,0,74,2,1,3,266,0
2,34587,68,7,2,9,2,0,2,2,1,0,3,4,0,0,0,0,0,0,0,70,2,2,4,22,0
3,43018,46,35,4,17,7,6,64,1,2,2,2,5,0,0,0,0,0,0,0,49,2,1,3,133,0
3,45736,92,188,3,180,20,3,43,5,7,1,6,7,0,0,0,0,0,0,0,69,2,1,3,437,0
3,66476,80,742,28,152,25,9,57,2,6,8,10,4,0,0,0,0,0,0,0,54,2,1,3,1013,0
1,27733,16,0,7,5,26,2,17,2,2,0,3,7,0,0,0,0,0,0,0,42,2,1,3,57,0
4,69805,50,750,71,174,13,10,20,2,6,8,11,2,0,0,0,0,0,0,0,71,2,1,3,1038,0
2,25818,51,5,2,8,2,2,9,1,0,1,2,7,0,0,0,0,0,0,0,52,1,1,2,28,0
3,37509,24,37,5,56,12,8,5,2,3,0,4,7,0,0,0,0,0,0,0,47,2,1,3,123,0
1,25176,79,4,0,4,0,0,5,1,1,0,2,7,0,0,0,0,0,0,0,47,2,2,4,13,0
2,43586,26,99,2,11,4,0,16,3,3,0,4,8,0,0,0,0,0,0,0,43,2,1,3,132,0
2,50116,68,54,0,10,0,0,2,2,1,0,4,5,0,1,0,0,0,0,0,66,2,2,4,66,1
2,33590,65,4,0,2,0,0,2,1,1,0,2,7,0,0,0,0,0,0,0,49,2,3,5,8,0
2,30992,83,17,0,14,7,3,2,1,1,0,3,7,0,0,0,0,0,0,0,47,1,1,2,43,0
2,58692,21,301,11,61,4,7,11,1,8,2,4,7,0,0,0,0,0,0,0,58,2,1,3,395,0
2,40590,30,154,0,50,6,11,37,5,3,4,3,6,1,0,0,0,0,0,0,54,1,2,3,258,1
2,20587,39,2,3,6,4,1,9,1,1,1,2,7,0,0,0,0,0,0,0,53,1,1,2,25,0
3,62637,76,104,12,48,4,12,5,1,2,2,5,2,0,0,0,0,0,0,0,69,1,1,2,185,0
3,29435,11,70,3,37,4,2,64,4,3,2,2,9,0,0,0,0,0,0,1,57,1,2,3,180,1
2,19346,26,2,0,9,3,6,2,1,1,0,3,8,0,0,0,0,0,0,0,49,1,1,2,22,0
2,35788,34,23,2,11,3,1,4,2,2,0,3,6,0,0,0,0,0,0,0,52,2,2,4,44,0
2,36997,72,43,4,12,8,0,27,5,2,1,4,5,0,0,0,0,0,0,0,55,1,2,3,94,0
2,23539,13,4,24,11,16,1,25,1,2,0,4,6,0,0,0,0,0,0,0,66,2,0,2,81,0
4,29732,23,25,0,8,0,1,4,1,2,0,2,9,0,0,0,0,0,0,0,52,2,1,3,38,0
3,41275,33,24,4,22,0,2,9,4,3,1,3,5,0,0,0,0,0,0,0,63,2,3,5,61,0
4,63516,30,141,11,114,15,14,5,4,4,1,7,5,0,0,0,0,0,0,0,50,2,2,4,300,0
4,42769,15,71,0,13,3,1,0,2,1,1,4,4,0,0,0,0,0,0,0,61,2,1,3,88,0
3,49572,25,35,1,16,0,1,1,2,2,0,3,7,0,0,0,0,0,0,0,65,2,2,4,54,0
2,17148,80,9,9,11,13,10,16,4,3,1,3,8,0,0,0,0,0,0,0,47,2,1,3,68,0
2,40590,30,154,0,50,6,11,37,5,3,4,3,6,1,0,0,0,0,0,0,54,1,2,3,258,1
3,30560,6,9,1,5,4,5,7,1,1,0,3,7,0,0,0,0,0,0,0,47,2,1,3,31,0
1,32146,16,26,3,23,4,7,3,2,2,0,4,6,0,0,0,0,0,0,0,40,2,1,3,66,0
1,41713,57,77,8,44,10,10,25,5,3,1,4,6,0,0,0,0,0,0,0,59,1,2,3,174,0
3,34176,9,11,2,7,4,2,2,1,1,0,3,3,0,0,0,0,0,0,0,48,2,1,3,28,0
4,58482,59,576,7,115,19,7,7,2,7,4,9,6,0,1,0,0,0,0,0,68,2,1,3,731,1
2,62994,74,224,12,48,4,12,12,1,6,2,4,6,0,0,0,0,0,0,0,43,2,1,3,312,0
0,15253,13,1,3,3,8,1,13,2,1,0,3,7,0,0,0,0,0,0,0,31,1,1,2,29,0
4,31560,98,62,1,20,4,0,7,2,2,1,3,8,0,0,0,0,0,0,0,49,1,1,2,94,0
2,41967,66,23,4,10,0,2,15,1,1,0,3,4,0,0,0,0,0,0,0,42,1,2,3,54,0
2,69263,14,492,5,32,13,5,21,1,9,1,7,6,0,1,0,0,0,0,0,58,1,1,2,568,1
2,65210,25,626,0,70,0,7,28,2,9,3,8,6,0,1,0,1,0,0,0,68,2,1,3,731,2
4,48432,3,322,3,50,4,3,42,5,7,1,6,8,0,0,0,0,0,0,0,50,1,1,2,424,0
2,38946,84,116,6,82,6,6,41,2,3,1,6,5,0,0,0,0,0,0,0,68,2,1,3,257,0
2,26067,49,22,2,18,0,2,12,3,3,0,3,8,0,0,0,0,0,0,0,49,2,1,3,56,0
4,44325,69,516,0,21,0,0,5,4,8,2,7,8,0,1,0,0,0,0,0,51,2,1,3,542,1
2,42523,96,14,36,11,3,26,35,1,1,1,4,2,0,0,0,0,0,0,0,59,2,0,2,125,0
0,26487,23,2,8,10,12,14,23,3,2,1,3,5,0,0,0,0,0,0,0,45,1,1,2,69,0
1,53233,18,28,0,9,3,0,0,1,1,0,3,4,0,0,0,0,0,0,0,66,2,1,3,40,0
0,25224,36,4,9,12,11,2,8,2,1,1,3,3,0,0,0,0,0,0,0,51,2,1,3,46,0
2,40851,63,23,1,7,0,4,24,1,1,1,2,7,0,0,0,0,0,0,0,52,1,2,3,59,0
2,27469,2,9,1,2,3,2,0,1,0,0,3,6,0,0,0,0,0,0,0,76,2,0,2,17,0
3,8820,52,12,0,13,4,2,4,4,3,0,3,8,0,0,0,0,0,0,0,71,1,2,3,35,0
2,43322,25,56,7,48,10,2,18,1,3,0,4,7,0,0,0,0,0,0,0,49,1,0,1,141,0
2,37085,65,39,1,16,2,0,3,4,3,0,3,8,0,0,0,0,0,0,0,48,2,2,4,61,0
0,16185,71,5,11,16,21,8,45,2,2,2,2,8,0,0,0,0,0,0,0,33,1,1,2,106,0
4,48432,3,322,3,50,4,3,42,5,7,1,6,8,0,0,0,0,0,0,1,50,1,1,2,424,1
2,18929,15,32,0,8,23,4,18,1,1,0,4,6,0,0,0,0,0,0,0,33,2,0,2,85,0
2,35893,80,158,0,23,0,0,18,6,3,1,5,8,0,0,0,0,0,0,0,55,1,2,3,199,0
2,32144,76,41,0,10,0,0,3,4,2,1,3,7,0,1,0,0,0,0,0,69,2,2,4,54,1
0,14918,52,3,3,3,15,4,15,1,1,0,3,6,0,0,0,0,0,0,0,60,2,1,3,43,0
2,45146,28,33,0,5,0,0,15,2,1,1,2,4,0,0,0,0,0,0,0,60,1,2,3,53,0
1,41769,31,302,29,131,32,0,27,6,8,1,7,8,0,0,0,0,0,0,0,68,1,1,2,521,0
3,38054,24,23,2,17,2,1,0,2,2,0,3,7,0,0,0,0,0,0,0,73,1,2,3,45,0
2,5305,12,12,4,7,1,3,5,0,1,0,0,13,0,0,0,0,0,0,0,47,2,1,3,32,0
2,36807,88,4,2,5,0,0,5,1,1,0,2,6,0,0,0,0,0,0,0,69,2,2,4,16,0
2,28427,67,18,3,19,3,3,6,2,2,0,3,8,0,0,0,0,0,0,0,40,2,1,3,52,0
2,22775,40,5,1,8,0,0,1,1,1,0,2,8,0,0,0,0,0,0,0,45,2,1,3,15,0
3,40101,73,171,3,129,26,24,62,4,6,1,6,7,0,0,0,0,0,0,0,38,2,1,3,415,0
1,7500,7,2,8,11,3,8,21,4,3,2,2,7,0,0,0,0,0,0,0,44,2,1,3,53,0
3,33562,33,21,12,12,0,3,3,3,2,0,4,4,0,0,0,0,0,0,0,60,2,3,5,51,0
4,57642,24,580,6,58,8,0,27,3,7,6,6,4,1,0,0,0,0,0,0,53,1,1,2,679,1
2,24434,9,3,2,8,20,0,17,2,2,1,2,7,0,0,0,0,0,0,0,51,2,2,4,50,0
2,11012,82,24,3,26,7,1,23,3,3,1,2,9,1,0,0,0,0,0,0,39,1,1,2,84,1
3,44802,71,853,10,143,13,10,20,2,9,4,12,8,0,0,0,0,0,0,0,53,1,0,1,1049,0
2,26816,50,5,1,6,3,4,3,1,0,0,3,4,0,0,0,0,0,0,0,37,1,0,1,22,0
2,34421,81,3,3,7,6,2,9,1,1,0,2,7,0,0,0,0,0,0,0,49,2,1,3,30,0
2,56981,91,908,48,217,32,12,24,1,2,3,13,6,0,1,0,0,0,0,0,42,1,0,1,1241,1
4,52869,40,84,3,61,2,1,21,3,3,1,4,7,0,0,0,0,0,0,1,69,2,2,4,172,1
